5815;null;null;;False;0;1300.482
3;null;null;;False;0;1300.482
7;null;null;;False;0;1300.482
11;null;null;;False;0;1300.482
17;null;null;;False;0;1300.482
21;null;null;;False;0;1300.482
25;null;null;;False;0;1300.482
30;null;null;;False;0;1300.482
36;null;null;;False;0;1300.482
40;null;null;;False;0;1300.482
48;null;null;;False;0;1300.482
55;null;null;;False;0;1300.482
63;null;null;;False;0;1300.482
71;null;null;;False;0;1300.482
81;null;null;;False;0;1300.482
86;null;null;;False;0;1300.482
90;null;null;;False;0;1300.482
95;null;null;;False;0;1300.482
100;null;null;;False;0;1300.482
104;null;null;;False;0;1300.482
108;null;null;;False;0;1300.482
113;null;null;;False;0;1300.482
117;null;null;;False;0;1298.313
123;null;null;;False;0;1298.313
126;null;null;;False;0;1296.145
133;null;null;;False;0;1296.145
136;null;null;;False;0;1296.145
140;null;null;;False;0;1296.145
144;null;null;;False;0;1296.145
148;null;null;;False;0;1296.145
152;null;null;;False;0;1296.145
156;null;null;;False;0;1296.145
160;null;null;;False;0;1296.145
164;null;null;;False;0;1296.145
168;null;null;;False;0;1296.145
171;null;null;;False;0;1296.145
176;null;null;;False;0;1289.638
180;null;null;;False;0;1289.638
184;null;null;;False;0;1289.638
188;null;null;;False;0;1287.47
193;null;null;;False;0;1287.47
197;null;null;;False;0;1278.795
203;null;null;;False;0;1278.795
207;null;null;;False;0;1261.446
211;null;null;;False;0;1248.434
216;null;null;;False;0;1248.434
220;null;null;;False;0;1222.41
226;null;null;;False;0;1222.41
229;null;null;;False;0;1198.554
233;null;null;;False;0;1198.554
238;null;null;;False;0;1176.867
243;null;null;;False;0;1176.867
246;null;null;;False;0;1146.506
252;null;null;;False;0;1120.482
257;null;null;;False;0;1120.482
260;null;null;;False;0;1090.12
266;null;null;;False;0;1090.12
269;null;null;;False;0;1064.096
274;null;null;;False;0;1064.096
277;null;null;;False;0;1053.253
284;null;null;;False;0;1040.241
290;null;null;;False;0;1040.241
293;null;null;;False;0;1020.723
299;null;null;;False;0;1020.723
302;null;null;;False;0;1001.205
308;null;null;;False;0;979.5181
314;null;null;;False;0;979.5181
318;null;null;;False;0;975.1807
323;null;null;;False;0;975.1807
327;null;null;;False;0;955.6627
331;null;null;;False;0;955.6627
336;null;null;;False;0;953.494
340;null;null;;False;0;953.494
343;null;null;;False;0;953.494
347;null;null;;False;0;953.494
351;null;null;;False;0;953.494
355;null;null;;False;0;953.494
358;null;null;;False;0;953.494
362;null;null;;False;0;953.494
366;null;null;;False;0;953.494
370;null;null;;False;0;953.494
374;null;null;;False;0;953.494
377;null;null;;False;0;953.494
381;null;null;;False;0;953.494
385;null;null;;False;0;953.494
388;null;null;;False;0;953.494
392;null;null;;False;0;953.494
396;null;null;;False;0;953.494
399;null;null;;False;0;953.494
402;null;null;;False;0;953.494
406;null;null;;False;0;953.494
409;null;null;;False;0;953.494
413;null;null;;False;0;953.494
420;null;null;;False;0;953.494
422;null;null;;False;0;953.494
425;null;null;;False;0;953.494
429;null;null;;False;0;953.494
433;null;null;;False;0;953.494
436;null;null;;False;0;953.494
440;null;null;;False;0;953.494
443;null;null;;False;0;953.494
447;null;null;;False;0;953.494
451;null;null;;False;0;953.494
454;null;null;;False;0;953.494
458;null;null;;False;0;953.494
462;null;null;;False;0;953.494
466;null;null;;False;0;953.494
469;null;null;;False;0;953.494
473;null;null;;False;0;953.494
477;null;null;;False;0;953.494
480;null;null;;False;0;953.494
484;null;null;;False;0;953.494
488;null;null;;False;0;953.494
491;null;null;;False;0;953.494
495;null;null;;False;0;953.494
499;null;null;;False;0;953.494
503;null;null;;False;1;953.494
511;null;null;;False;1;953.494
516;null;null;;False;1;953.494
520;null;null;;False;1;953.494
525;null;null;;False;1;953.494
529;null;null;;False;1;953.494
533;null;null;;False;1;953.494
537;null;null;;False;1;953.494
541;null;null;;False;1;953.494
546;null;null;;False;1;953.494
550;null;null;;False;1;953.494
553;null;null;;False;1;953.494
557;null;null;;False;1;953.494
561;null;null;;False;1;953.494
565;null;null;;False;1;953.494
569;null;null;;False;1;953.494
573;null;null;;False;1;953.494
577;null;null;;False;1;953.494
581;null;null;;False;1;953.494
586;null;null;;False;1;953.494
590;null;null;;False;1;953.494
594;null;null;;False;1;953.494
598;null;null;;False;1;953.494
602;null;null;;False;1;953.494
606;null;null;;False;1;953.494
609;null;null;;False;1;953.494
613;null;null;;False;1;953.494
618;null;null;;False;1;953.494
622;null;null;;False;1;953.494
627;null;null;;False;1;953.494
631;null;null;;False;1;957.8313
637;null;null;;False;1;957.8313
640;null;null;;False;1;957.8313
644;null;null;;False;1;962.1686
650;null;null;;False;1;966.506
658;null;null;;False;1;966.506
661;null;null;;False;1;968.6747
667;null;null;;False;1;968.6747
671;null;null;;False;1;968.6747
675;null;null;;False;1;968.6747
679;null;null;;False;1;968.6747
683;null;null;;False;1;968.6747
687;null;null;;False;1;968.6747
691;null;null;;False;1;970.8434
696;null;null;;False;1;970.8434
700;null;null;;False;1;973.012
705;null;null;;False;1;973.012
708;null;null;;False;1;973.012
711;null;null;;False;1;973.012
716;null;null;;False;1;973.012
719;null;null;;False;1;973.012
723;null;null;;False;1;973.012
727;null;null;;False;1;973.012
731;null;null;;False;1;973.012
735;null;null;;False;1;973.012
739;null;null;;False;1;973.012
743;null;null;;False;1;973.012
746;null;null;;False;1;973.012
751;null;null;;False;1;973.012
754;null;null;;False;1;973.012
758;null;null;;False;1;973.012
762;null;null;;False;1;973.012
767;null;null;;False;1;979.5181
771;null;null;;False;1;979.5181
774;null;null;;False;1;979.5181
778;null;null;;False;1;979.5181
782;null;null;;False;1;979.5181
786;null;null;;False;1;979.5181
790;null;null;;False;1;979.5181
793;null;null;;False;1;979.5181
797;null;null;;False;1;981.6867
803;null;null;;False;1;981.6867
806;null;null;;False;1;981.6867
809;null;null;;False;1;981.6867
813;null;null;;False;1;981.6867
817;null;null;;False;1;981.6867
821;null;null;;False;1;983.8554
830;null;null;;False;1;983.8554
834;null;null;;False;1;983.8554
839;null;null;;False;1;983.8554
842;null;null;;False;1;983.8554
847;null;null;;False;1;983.8554
851;null;null;;False;1;983.8554
855;null;null;;False;1;983.8554
858;null;null;;False;1;983.8554
862;null;null;;False;1;983.8554
866;null;null;;False;1;983.8554
870;null;null;;False;1;983.8554
874;null;null;;False;1;983.8554
878;null;null;;False;1;983.8554
883;null;null;;False;1;983.8554
886;null;null;;False;1;983.8554
890;null;null;;False;1;983.8554
894;null;null;;False;1;983.8554
905;null;null;;False;2;983.8554
919;null;null;;False;2;992.5301
923;null;null;;False;2;992.5301
926;null;null;;False;2;994.6988
932;null;null;;False;2;1001.205
938;null;null;;False;2;1001.205
940;null;null;;False;2;1009.88
946;null;null;;False;2;1009.88
950;null;null;;False;2;1012.048
955;null;null;;False;2;1012.048
959;null;null;;False;2;1018.554
966;null;null;;False;2;1020.723
970;null;null;;False;2;1020.723
973;null;null;;False;2;1022.892
980;null;null;;False;2;1025.06
986;null;null;;False;2;1025.06
989;null;null;;False;2;1025.06
995;null;null;;False;2;1027.229
1003;null;null;;False;2;1027.229
1006;null;null;;False;2;1027.229
1011;null;null;;False;2;1031.566
1018;null;null;;False;2;1031.566
1021;null;null;;False;2;1035.904
1028;null;null;;False;2;1035.904
1033;null;null;;False;2;1035.904
1038;null;null;;False;2;1038.072
1046;null;null;;False;2;1038.072
1050;null;null;;False;2;1038.072
1054;null;null;;False;2;1038.072
1063;null;null;;False;2;1038.072
1069;null;null;;False;2;1038.072
1073;null;null;;False;2;1038.072
1077;null;null;;False;2;1038.072
1082;null;null;;False;2;1038.072
1089;null;null;;False;2;1038.072
1095;null;null;;False;2;1038.072
1101;null;null;;False;2;1038.072
1107;null;null;;False;2;1038.072
1117;null;null;;False;2;1038.072
1120;null;null;;False;2;1038.072
1125;null;null;;False;2;1038.072
1132;null;null;;False;2;1038.072
1139;null;null;;False;2;1038.072
1144;null;null;;False;2;1038.072
1149;null;null;;False;2;1038.072
1155;null;null;;False;2;1038.072
1160;null;null;;False;2;1038.072
1164;null;null;;False;2;1038.072
1168;null;null;;False;2;1038.072
1172;null;null;;False;2;1038.072
1176;null;null;;False;2;1038.072
1180;null;null;;False;2;1038.072
1184;null;null;;False;2;1038.072
1188;null;null;;False;2;1038.072
1191;null;null;;False;2;1038.072
1195;null;null;;False;2;1038.072
1199;null;null;;False;2;1038.072
1204;null;null;;False;2;1038.072
1208;null;null;;False;3;1038.072
1217;null;null;;False;3;1038.072
1220;null;null;;False;3;1038.072
1224;null;null;;False;3;1038.072
1228;null;null;;False;3;1038.072
1234;null;null;;False;3;1038.072
1238;null;null;;False;3;1038.072
1243;null;null;;False;3;1038.072
1247;null;null;;False;3;1038.072
1252;null;null;;False;3;1038.072
1256;null;null;;False;3;1038.072
1263;null;null;;False;3;1038.072
1269;null;null;;False;3;1038.072
1278;null;null;;False;3;1038.072
1285;null;null;;False;3;1038.072
1290;null;null;;False;3;1038.072
1294;null;null;;False;3;1038.072
1299;null;null;;False;3;1038.072
1303;null;null;;False;3;1038.072
1307;null;null;;False;3;1038.072
1312;null;null;;False;3;1038.072
1318;null;null;;False;3;1038.072
1322;null;null;;False;3;1038.072
1326;null;null;;False;3;1038.072
1330;null;null;;False;3;1038.072
1334;null;null;;False;3;1038.072
1338;null;null;;False;3;1038.072
1342;null;null;;False;3;1038.072
1346;null;null;;False;3;1038.072
1351;null;null;;False;3;1038.072
1354;null;null;;False;3;1038.072
1358;null;null;;False;3;1038.072
1363;null;null;;False;3;1038.072
1367;null;null;;False;3;1038.072
1370;null;null;;False;3;1038.072
1376;null;null;;False;3;1038.072
1380;null;null;;False;3;1038.072
1384;null;null;;False;3;1038.072
1388;null;null;;False;3;1038.072
1391;null;null;;False;3;1038.072
1395;null;null;;False;3;1038.072
1399;null;null;;False;3;1038.072
1404;null;null;;False;3;1038.072
1408;null;null;;False;3;1038.072
1412;null;null;;False;3;1038.072
1417;null;null;;False;3;1038.072
1420;null;null;;False;3;1038.072
1424;null;null;;False;3;1038.072
1427;null;null;;False;3;1038.072
1431;null;null;;False;3;1038.072
1435;null;null;;False;3;1038.072
1440;null;null;;False;3;1038.072
1443;null;null;;False;3;1038.072
1447;null;null;;False;3;1038.072
1451;null;null;;False;3;1038.072
1455;null;null;;False;3;1038.072
1459;null;null;;False;3;1038.072
1464;null;null;;False;3;1038.072
1468;null;null;;False;3;1038.072
1472;null;null;;False;3;1038.072
1476;null;null;;False;3;1038.072
1479;null;null;;False;3;1038.072
1483;null;null;;False;3;1038.072
1488;null;null;;False;3;1038.072
1492;null;null;;False;3;1038.072
1497;null;null;;False;3;1038.072
1501;null;null;;False;3;1038.072
1506;null;null;;False;3;1038.072
1510;null;null;;False;3;1038.072
1515;null;null;;False;3;1038.072
1520;null;null;;False;3;1038.072
1523;null;null;;False;3;1038.072
1527;null;null;;False;3;1038.072
1530;null;null;;False;3;1038.072
1535;null;null;;False;3;1038.072
1539;null;null;;False;3;1038.072
1543;null;null;;False;3;1038.072
1548;null;null;;False;3;1038.072
1554;null;null;;False;3;1038.072
1558;null;null;;False;3;1038.072
1562;null;null;;False;3;1038.072
1567;null;null;;False;3;1038.072
1571;null;null;;False;3;1038.072
1575;null;null;;False;3;1038.072
1579;null;null;;False;3;1038.072
1583;null;null;;False;3;1038.072
1587;null;null;;False;3;1038.072
1591;null;null;;False;3;1038.072
1595;null;null;;False;3;1038.072
1599;null;null;;False;3;1038.072
1603;null;null;;False;3;1038.072
1607;null;null;;False;3;1038.072
1610;null;null;;False;3;1038.072
1615;null;null;;False;3;1038.072
1618;null;null;;False;3;1038.072
1622;null;null;;False;3;1038.072
1626;null;null;;False;3;1038.072
1629;null;null;;False;3;1038.072
1634;null;null;;False;3;1038.072
1638;null;null;;False;3;1038.072
1642;null;null;;False;3;1038.072
1645;null;null;;False;3;1038.072
1650;null;null;;False;3;1038.072
1654;null;null;;False;3;1038.072
1658;null;null;;False;3;1038.072
1662;null;null;;False;3;1038.072
1668;null;null;;False;3;1038.072
1671;null;null;;False;3;1038.072
1675;null;null;;False;3;1038.072
1679;null;null;;False;3;1038.072
1683;null;null;;False;3;1038.072
1687;null;null;;False;3;1038.072
1692;null;null;;False;3;1038.072
1695;null;null;;False;3;1038.072
1699;null;null;;False;3;1038.072
1704;null;null;;False;3;1044.578
1708;null;null;;False;3;1053.253
1713;null;null;;False;3;1053.253
1716;null;null;;False;3;1055.422
1721;null;null;;False;3;1055.422
1725;null;null;;False;3;1055.422
1729;null;null;;False;3;1055.422
1733;null;null;;False;3;1059.759
1739;null;null;;False;3;1059.759
1742;null;null;;False;3;1064.096
1748;null;null;;False;3;1066.265
1753;null;null;;False;3;1066.265
1756;null;null;;False;3;1066.265
1761;null;null;;False;3;1066.265
1764;null;null;;False;3;1068.434
1769;null;null;;False;3;1068.434
1773;null;null;;False;3;1068.434
1777;null;null;;False;3;1068.434
1780;null;null;;False;3;1072.771
1786;null;null;;False;3;1072.771
1789;null;null;;False;3;1079.277
1794;null;null;;False;3;1079.277
1797;null;null;;False;3;1081.446
1803;null;null;;False;3;1081.446
1805;null;null;;False;3;1083.614
1810;null;null;;False;3;1083.614
1814;null;null;;False;3;1083.614
1818;null;null;;False;3;1083.614
1821;null;null;;False;3;1083.614
1825;null;null;;False;3;1083.614
1829;null;null;;False;3;1083.614
1834;null;null;;False;3;1083.614
1837;null;null;;False;3;1083.614
1843;null;null;;False;3;1083.614
1845;null;null;;False;3;1083.614
1850;null;null;;False;3;1083.614
1853;null;null;;False;3;1085.783
1859;null;null;;False;3;1085.783
1861;null;null;;False;3;1085.783
1866;null;null;;False;3;1085.783
1870;null;null;;False;3;1085.783
1874;null;null;;False;3;1085.783
1878;null;null;;False;3;1085.783
1883;null;null;;False;3;1085.783
1887;null;null;;False;3;1085.783
1891;null;null;;False;3;1085.783
1895;null;null;;False;3;1085.783
1899;null;null;;False;3;1085.783
1903;null;null;;False;3;1085.783
1907;null;null;;False;3;1085.783
1912;null;null;;False;3;1085.783
1917;null;null;;False;3;1085.783
1921;null;null;;False;3;1085.783
1926;null;null;;False;3;1085.783
1931;null;null;;False;3;1085.783
1943;null;null;;False;3;1081.446
1949;null;null;;False;3;1064.096
1955;null;null;;False;3;1064.096
1960;null;null;;False;3;1031.566
1965;null;null;;False;3;1005.542
1970;null;null;;False;3;1005.542
1973;null;null;;False;3;968.6747
1979;null;null;;False;3;968.6747
1983;null;null;;False;3;942.6506
1988;null;null;;False;3;912.2891
1994;null;null;;False;3;912.2891
1998;null;null;;False;3;897.1084
2003;null;null;;False;3;897.1084
2005;null;null;;False;3;890.6024
2011;null;null;;False;3;890.6024
2014;null;null;;False;3;888.4337
2019;null;null;;False;3;888.4337
2022;null;null;;False;3;888.4337
2027;null;null;;False;3;888.4337
2034;null;null;;False;3;888.4337
2039;null;null;;False;3;888.4337
2045;null;null;;False;3;888.4337
2049;null;null;;False;3;888.4337
2053;null;null;;False;3;888.4337
2057;null;null;;False;3;888.4337
2061;null;null;;False;3;888.4337
2065;null;null;;False;3;888.4337
2069;null;null;;False;3;888.4337
2078;null;null;;False;3;888.4337
2082;null;null;;False;3;888.4337
2088;null;null;;False;3;888.4337
2093;null;null;;False;3;888.4337
2097;null;null;;False;3;888.4337
2102;null;null;;False;3;888.4337
2110;null;null;;False;3;888.4337
2113;null;null;;False;3;888.4337
2117;null;null;;False;3;888.4337
2122;null;null;;False;3;888.4337
2126;null;null;;False;3;888.4337
2130;null;null;;False;3;888.4337
2134;null;null;;False;3;888.4337
2139;null;null;;False;3;888.4337
2143;null;null;;False;3;888.4337
2147;null;null;;False;3;888.4337
2151;null;null;;False;3;888.4337
2155;null;null;;False;3;888.4337
2159;null;null;;False;3;888.4337
2163;null;null;;False;3;888.4337
2168;null;null;;False;3;888.4337
2172;null;null;;False;3;888.4337
2177;null;null;;False;3;888.4337
2181;null;null;;False;3;888.4337
2187;null;null;;False;3;888.4337
2190;null;null;;False;3;888.4337
2194;null;null;;False;3;888.4337
2199;null;null;;False;3;888.4337
2204;null;null;;False;4;888.4337
2213;null;null;;False;4;888.4337
2218;null;null;;False;4;888.4337
2222;null;null;;False;4;888.4337
2226;null;null;;False;4;888.4337
2230;null;null;;False;4;886.265
2237;null;null;;False;4;886.265
2240;null;null;;False;4;886.265
2244;null;null;;False;4;886.265
2249;null;null;;False;4;886.265
2253;null;null;;False;4;886.265
2257;null;null;;False;4;886.265
2261;null;null;;False;4;886.265
2265;null;null;;False;4;886.265
2270;null;null;;False;4;886.265
2276;null;null;;False;4;886.265
2280;null;null;;False;4;886.265
2286;null;null;;False;4;886.265
2290;null;null;;False;4;886.265
2295;null;null;;False;4;886.265
2299;null;null;;False;4;886.265
2304;null;null;;False;4;886.265
2308;null;null;;False;4;886.265
2312;null;null;;False;4;886.265
2317;null;null;;False;4;886.265
2321;null;null;;False;4;886.265
2325;null;null;;False;4;886.265
2330;null;null;;False;4;886.265
2337;null;null;;False;4;886.265
2344;null;null;;False;4;886.265
2349;null;null;;False;4;886.265
2354;null;null;;False;4;886.265
2357;null;null;;False;4;886.265
2361;null;null;;False;4;886.265
2365;null;null;;False;4;886.265
2368;null;null;;False;4;886.265
2373;null;null;;False;4;886.265
2376;null;null;;False;4;886.265
2380;null;null;;False;4;886.265
2385;null;null;;False;4;886.265
2389;null;null;;False;4;886.265
2393;null;null;;False;4;886.265
2397;null;null;;False;4;886.265
2402;null;null;;False;4;886.265
2406;null;null;;False;4;886.265
2411;null;null;;False;4;886.265
2414;null;null;;False;4;886.265
2419;null;null;;False;4;886.265
2424;null;null;;False;4;886.265
2428;null;null;;False;4;886.265
2431;null;null;;False;4;886.265
2435;null;null;;False;4;877.5903
2441;null;null;;False;4;877.5903
2444;null;null;;False;4;858.0723
2449;null;null;;False;4;858.0723
2454;null;null;;False;4;832.0482
2460;null;null;;False;4;832.0482
2464;null;null;;False;4;806.024
2469;null;null;;False;4;780
2473;null;null;;False;4;780
2477;null;null;;False;4;762.6506
2482;null;null;;False;4;762.6506
2486;null;null;;False;4;740.9638
2491;null;null;;False;4;740.9638
2494;null;null;;False;4;710.6024
2500;null;null;;False;4;701.9277
2506;null;null;;False;4;701.9277
2509;null;null;;False;4;682.4096
2515;null;null;;False;4;682.4096
2518;null;null;;False;4;671.5662
2524;null;null;;False;4;671.5662
2528;null;null;;False;4;667.2289
2534;null;null;;False;4;665.0602
2538;null;null;;False;4;665.0602
2541;null;null;;False;4;665.0602
2545;null;null;;False;4;665.0602
2550;null;null;;False;4;665.0602
2554;null;null;;False;4;665.0602
2558;null;null;;False;4;665.0602
2563;null;null;;False;4;665.0602
2567;null;null;;False;4;665.0602
2571;null;null;;False;4;665.0602
2575;null;null;;False;4;665.0602
2579;null;null;;False;4;665.0602
2583;null;null;;False;4;665.0602
2587;null;null;;False;4;665.0602
2591;null;null;;False;4;665.0602
2595;null;null;;False;4;665.0602
2604;null;null;;False;4;665.0602
2606;null;null;;False;4;665.0602
2610;null;null;;False;4;665.0602
2615;null;null;;False;4;665.0602
2619;null;null;;False;4;665.0602
2623;null;null;;False;4;665.0602
2627;null;null;;False;4;665.0602
2631;null;null;;False;4;665.0602
2636;null;null;;False;4;665.0602
2640;null;null;;False;4;665.0602
2644;null;null;;False;4;665.0602
2649;null;null;;False;4;665.0602
2653;null;null;;False;4;665.0602
2657;null;null;;False;4;665.0602
2662;null;null;;False;4;665.0602
2666;null;null;;False;4;665.0602
2670;null;null;;False;4;665.0602
2674;null;null;;False;4;665.0602
2678;null;null;;False;4;665.0602
2689;null;null;;False;4;673.7349
2693;null;null;;False;4;699.759
2698;null;null;;False;4;699.759
2702;null;null;;False;4;730.1205
2707;null;null;;False;4;730.1205
2710;null;null;;False;4;766.9879
2717;null;null;;False;4;803.8554
2723;null;null;;False;4;803.8554
2727;null;null;;False;4;838.5542
2733;null;null;;False;4;868.9156
2738;null;null;;False;4;868.9156
2741;null;null;;False;4;881.9277
2747;null;null;;False;4;888.4337
2753;null;null;;False;4;888.4337
2758;null;null;;False;4;888.4337
2761;null;null;;False;4;888.4337
2766;null;null;;False;4;890.6024
2772;null;null;;False;4;890.6024
2774;null;null;;False;4;890.6024
2778;null;null;;False;4;890.6024
2784;null;null;;False;4;890.6024
2789;null;null;;False;4;890.6024
2796;null;null;;False;4;890.6024
2803;null;null;;False;4;890.6024
2809;null;null;;False;4;890.6024
2813;null;null;;False;4;890.6024
2818;null;null;;False;4;890.6024
2821;null;null;;False;4;894.9398
2827;null;null;;False;4;894.9398
2830;null;null;;False;4;894.9398
2835;null;null;;False;4;894.9398
2839;null;null;;False;4;894.9398
2845;null;null;;False;4;894.9398
2848;null;null;;False;4;894.9398
2852;null;null;;False;4;897.1084
2859;null;null;;False;4;897.1084
2862;null;null;;False;4;897.1084
2867;null;null;;False;4;897.1084
2871;null;null;;False;4;897.1084
2876;null;null;;False;4;901.4457
2886;null;null;;False;4;901.4457
2888;null;null;;False;4;901.4457
2893;null;null;;False;4;901.4457
2898;null;null;;False;4;901.4457
2903;null;null;;False;4;901.4457
2907;null;null;;False;4;901.4457
2911;null;null;;False;4;901.4457
2916;null;null;;False;4;901.4457
2921;null;null;;False;4;901.4457
2925;null;null;;False;4;901.4457
2929;null;null;;False;4;901.4457
2934;null;null;;False;4;901.4457
2938;null;null;;False;4;901.4457
2942;null;null;;False;4;901.4457
2947;null;null;;False;5;901.4457
2958;null;null;;False;5;901.4457
2961;null;null;;False;5;901.4457
2966;null;null;;False;5;903.6144
2973;null;null;;False;5;905.7831
2983;null;null;;False;5;905.7831
2990;null;null;;False;5;912.2891
3002;null;null;;False;5;912.2891
3007;null;null;;False;5;912.2891
3010;null;null;;False;5;912.2891
3015;null;null;;False;5;912.2891
3022;null;null;;False;5;914.4578
3027;null;null;;False;5;914.4578
3031;null;null;;False;5;914.4578
3037;null;null;;False;5;914.4578
3041;null;null;;False;5;914.4578
3044;null;null;;False;5;914.4578
3049;null;null;;False;5;914.4578
3055;null;null;;False;5;914.4578
3058;null;null;;False;5;914.4578
3062;null;null;;False;5;914.4578
3066;null;null;;False;5;914.4578
3071;null;null;;False;5;914.4578
3075;null;null;;False;5;914.4578
3080;null;null;;False;5;914.4578
3087;null;null;;False;5;914.4578
3092;null;null;;False;5;914.4578
3101;null;null;;False;5;914.4578
3108;null;null;;False;5;914.4578
3114;null;null;;False;5;914.4578
3119;null;null;;False;5;914.4578
3122;null;null;;False;5;914.4578
3126;null;null;;False;5;914.4578
3131;null;null;;False;5;914.4578
3136;null;null;;False;5;914.4578
3140;null;null;;False;5;914.4578
3144;null;null;;False;5;914.4578
3148;null;null;;False;5;914.4578
3152;null;null;;False;5;914.4578
3155;null;null;;False;5;914.4578
3160;null;null;;False;5;914.4578
3163;null;null;;False;5;914.4578
3168;null;null;;False;5;914.4578
3171;null;null;;False;5;914.4578
3176;null;null;;False;5;914.4578
3179;null;null;;False;5;914.4578
3183;null;null;;False;5;914.4578
3187;null;null;;False;5;914.4578
3191;null;null;;False;5;914.4578
3196;null;null;;False;5;914.4578
3200;null;null;;False;5;914.4578
3204;null;null;;False;5;910.1205
3209;null;null;;False;5;910.1205
3212;null;null;;False;5;907.9518
3220;null;null;;False;5;907.9518
3223;null;null;;False;5;901.4457
3228;null;null;;False;5;901.4457
3231;null;null;;False;5;894.9398
3237;null;null;;False;5;890.6024
3241;null;null;;False;5;890.6024
3244;null;null;;False;5;875.4217
3250;null;null;;False;5;875.4217
3253;null;null;;False;5;862.4096
3259;null;null;;False;5;862.4096
3262;null;null;;False;5;860.241
3269;null;null;;False;5;842.8915
3274;null;null;;False;5;842.8915
3276;null;null;;False;5;838.5542
3282;null;null;;False;5;838.5542
3285;null;null;;False;5;829.8795
3291;null;null;;False;5;829.8795
3294;null;null;;False;5;819.0361
3300;null;null;;False;5;816.8674
3306;null;null;;False;5;816.8674
3309;null;null;;False;5;816.8674
3313;null;null;;False;5;816.8674
3319;null;null;;False;5;814.6988
3324;null;null;;False;5;812.5301
3329;null;null;;False;5;812.5301
3333;null;null;;False;5;812.5301
3338;null;null;;False;5;812.5301
3341;null;null;;False;5;812.5301
3347;null;null;;False;5;812.5301
3351;null;null;;False;5;812.5301
3357;null;null;;False;5;812.5301
3362;null;null;;False;5;812.5301
3365;null;null;;False;5;812.5301
3371;null;null;;False;5;812.5301
3374;null;null;;False;5;812.5301
3380;null;null;;False;5;812.5301
3385;null;null;;False;5;812.5301
3388;null;null;;False;5;808.1927
3395;null;null;;False;5;808.1927
3398;null;null;;False;5;801.6867
3404;null;null;;False;5;795.1807
3409;null;null;;False;5;795.1807
3413;null;null;;False;5;795.1807
3419;null;null;;False;5;795.1807
3422;null;null;;False;5;795.1807
3428;null;null;;False;5;795.1807
3433;null;null;;False;5;795.1807
3437;null;null;;False;5;793.012
3442;null;null;;False;5;793.012
3445;null;null;;False;5;793.012
3450;null;null;;False;5;793.012
3454;null;null;;False;5;793.012
3457;null;null;;False;5;793.012
3461;null;null;;False;5;793.012
3466;null;null;;False;5;793.012
3470;null;null;;False;5;793.012
3474;null;null;;False;5;793.012
3477;null;null;;False;5;793.012
3481;null;null;;False;5;793.012
3486;null;null;;False;5;793.012
3492;null;null;;False;5;793.012
3494;null;null;;False;5;793.012
3499;null;null;;False;5;793.012
3503;null;null;;False;5;793.012
3506;null;null;;False;5;793.012
3510;null;null;;False;5;793.012
3514;null;null;;False;5;793.012
3518;null;null;;False;5;793.012
3523;null;null;;False;5;793.012
3527;null;null;;False;5;793.012
3532;null;null;;False;5;793.012
3537;null;null;;False;5;793.012
3541;null;null;;False;5;793.012
3546;null;null;;False;5;793.012
3551;null;null;;False;5;793.012
3556;null;null;;False;5;797.3494
3563;null;null;;False;5;797.3494
3567;null;null;;False;5;827.7108
3578;null;null;;False;5;860.241
3584;null;null;;False;5;860.241
3588;null;null;;False;5;860.241
3592;null;null;;False;5;903.6144
3597;null;null;;False;5;929.6385
3603;null;null;;False;5;929.6385
3606;null;null;;False;5;960
3612;null;null;;False;5;960
3616;null;null;;False;5;988.1927
3621;null;null;;False;5;1007.711
3626;null;null;;False;5;1007.711
3629;null;null;;False;5;1040.241
3635;null;null;;False;5;1040.241
3638;null;null;;False;5;1042.41
3644;null;null;;False;5;1042.41
3646;null;null;;False;5;1051.084
3653;null;null;;False;5;1051.084
3656;null;null;;False;5;1051.084
3660;null;null;;False;5;1051.084
3664;null;null;;False;5;1051.084
3668;null;null;;False;5;1053.253
3674;null;null;;False;5;1053.253
3677;null;null;;False;5;1053.253
3681;null;null;;False;5;1053.253
3686;null;null;;False;5;1055.422
3691;null;null;;False;5;1055.422
3699;null;null;;False;5;1055.422
3707;null;null;;False;5;1057.59
3715;null;null;;False;5;1057.59
3721;null;null;;False;5;1057.59
3725;null;null;;False;5;1057.59
3734;null;null;;False;5;1057.59
3736;null;null;;False;5;1057.59
3739;null;null;;False;5;1057.59
3745;null;null;;False;5;1057.59
3749;null;null;;False;5;1057.59
3753;null;null;;False;5;1057.59
3757;null;null;;False;5;1057.59
3761;null;null;;False;5;1057.59
3765;null;null;;False;5;1057.59
3769;null;null;;False;5;1057.59
3773;null;null;;False;5;1057.59
3778;null;null;;False;5;1057.59
3783;null;null;;False;5;1057.59
3787;null;null;;False;5;1057.59
3791;null;null;;False;5;1057.59
3795;null;null;;False;5;1057.59
3800;null;null;;False;5;1057.59
3804;null;null;;False;5;1057.59
3808;null;null;;False;5;1057.59
3814;null;null;;False;5;1057.59
3819;null;null;;False;5;1057.59
3824;null;null;;False;6;1057.59
3833;null;null;;False;6;1057.59
3837;null;null;;False;6;1057.59
3841;null;null;;False;6;1057.59
3845;null;null;;False;6;1057.59
3851;null;null;;False;6;1057.59
3862;null;null;;False;6;1057.59
3872;null;null;;False;6;1057.59
3876;null;null;;False;6;1055.422
3882;null;null;;False;6;1055.422
3886;null;null;;False;6;1055.422
3890;null;null;;False;6;1053.253
3900;null;null;;False;6;1046.747
3906;null;null;;False;6;1046.747
3909;null;null;;False;6;1046.747
3913;null;null;;False;6;1046.747
3918;null;null;;False;6;1046.747
3923;null;null;;False;6;1044.578
3927;null;null;;False;6;1044.578
3933;null;null;;False;6;1044.578
3937;null;null;;False;6;1044.578
3941;null;null;;False;6;1042.41
3946;null;null;;False;6;1042.41
3950;null;null;;False;6;1042.41
3955;null;null;;False;6;1042.41
3959;null;null;;False;6;1040.241
3966;null;null;;False;6;1040.241
3969;null;null;;False;6;1040.241
3972;null;null;;False;6;1033.735
3977;null;null;;False;6;1033.735
3981;null;null;;False;6;1031.566
3989;null;null;;False;6;1029.398
3994;null;null;;False;6;1029.398
3997;null;null;;False;6;1029.398
4002;null;null;;False;6;1029.398
4006;null;null;;False;6;1029.398
4009;null;null;;False;6;1029.398
4014;null;null;;False;6;1029.398
4018;null;null;;False;6;1029.398
4022;null;null;;False;6;1029.398
4026;null;null;;False;6;1029.398
4030;null;null;;False;6;1029.398
4034;null;null;;False;6;1029.398
4038;null;null;;False;6;1029.398
4042;null;null;;False;6;1029.398
4046;null;null;;False;6;1029.398
4050;null;null;;False;6;1029.398
4054;null;null;;False;6;1029.398
4057;null;null;;False;6;1029.398
4062;null;null;;False;6;1029.398
4066;null;null;;False;6;1029.398
4070;null;null;;False;6;1029.398
4075;null;null;;False;6;1029.398
4078;null;null;;False;6;1029.398
4083;null;null;;False;6;1029.398
4088;null;null;;False;6;1027.229
4093;null;null;;False;6;1027.229
4096;null;null;;False;6;1027.229
4100;null;null;;False;6;1018.554
4105;null;null;;False;6;1018.554
4108;null;null;;False;6;1012.048
4114;null;null;;False;6;1012.048
4117;null;null;;False;6;1003.373
4123;null;null;;False;6;1003.373
4127;null;null;;False;6;999.0361
4135;null;null;;False;6;986.024
4140;null;null;;False;6;986.024
4142;null;null;;False;6;973.012
4148;null;null;;False;6;949.1566
4153;null;null;;False;6;949.1566
4156;null;null;;False;6;931.8072
4162;null;null;;False;6;931.8072
4165;null;null;;False;6;914.4578
4171;null;null;;False;6;914.4578
4174;null;null;;False;6;894.9398
4180;null;null;;False;6;858.0723
4186;null;null;;False;6;858.0723
4189;null;null;;False;6;810.3615
4195;null;null;;False;6;810.3615
4198;null;null;;False;6;762.6506
4204;null;null;;False;6;749.6385
4209;null;null;;False;6;749.6385
4212;null;null;;False;6;708.4337
4218;null;null;;False;6;708.4337
4221;null;null;;False;6;660.7229
4226;null;null;;False;6;660.7229
4230;null;null;;False;6;634.6988
4235;null;null;;False;6;634.6988
4239;null;null;;False;6;615.1807
4244;null;null;;False;6;615.1807
4248;null;null;;False;6;604.3373
4253;null;null;;False;6;604.3373
4256;null;null;;False;6;604.3373
4260;null;null;;False;6;604.3373
4264;null;null;;False;6;604.3373
4268;null;null;;False;6;604.3373
4272;null;null;;False;6;604.3373
4276;null;null;;False;6;604.3373
4280;null;null;;False;6;604.3373
4285;null;null;;False;6;604.3373
4288;null;null;;False;6;604.3373
4292;null;null;;False;6;604.3373
4298;null;null;;False;6;604.3373
4302;null;null;;False;6;604.3373
4305;null;null;;False;6;604.3373
4309;null;null;;False;6;608.6747
4316;null;null;;False;6;608.6747
4319;null;null;;False;6;610.8434
4325;null;null;;False;6;615.1807
4331;null;null;;False;6;615.1807
4334;null;null;;False;6;621.6867
4341;null;null;;False;6;621.6867
4344;null;null;;False;6;621.6867
4349;null;null;;False;6;628.1927
4356;null;null;;False;6;628.1927
4359;null;null;;False;6;632.5301
4367;null;null;;False;6;639.0361
4373;null;null;;False;6;649.8795
4378;null;null;;False;6;649.8795
4381;null;null;;False;6;656.3855
4389;null;null;;False;6;682.4096
4398;null;null;;False;6;717.1084
4403;null;null;;False;6;717.1084
4405;null;null;;False;6;753.9759
4411;null;null;;False;6;790.8434
4415;null;null;;False;6;790.8434
4420;null;null;;False;6;825.5422
4425;null;null;;False;6;825.5422
4428;null;null;;False;6;862.4096
4434;null;null;;False;6;862.4096
4437;null;null;;False;6;886.265
4442;null;null;;False;6;886.265
4445;null;null;;False;6;912.2891
4451;null;null;;False;6;912.2891
4455;null;null;;False;6;920.9639
4460;null;null;;False;6;936.1445
4468;null;null;;False;6;938.3132
4476;null;null;;False;6;940.4819
4482;null;null;;False;6;940.4819
4485;null;null;;False;6;942.6506
4490;null;null;;False;6;942.6506
4493;null;null;;False;6;942.6506
4499;null;null;;False;6;942.6506
4507;null;null;;False;6;942.6506
4510;null;null;;False;6;942.6506
4515;null;null;;False;6;942.6506
4521;null;null;;False;6;942.6506
4526;null;null;;False;6;942.6506
4529;null;null;;False;6;942.6506
4534;null;null;;False;6;942.6506
4538;null;null;;False;6;942.6506
4542;null;null;;False;6;942.6506
4551;null;null;;False;6;942.6506
4553;null;null;;False;6;942.6506
4557;null;null;;False;6;942.6506
4561;null;null;;False;6;942.6506
4566;null;null;;False;6;942.6506
4570;null;null;;False;6;942.6506
4573;null;null;;False;6;942.6506
4579;null;null;;False;6;942.6506
4584;null;null;;False;6;942.6506
4587;null;null;;False;6;942.6506
4591;null;null;;False;6;942.6506
4595;null;null;;False;6;942.6506
4600;null;null;;False;6;942.6506
4603;null;null;;False;6;942.6506
4607;null;null;;False;6;942.6506
4611;null;null;;False;6;942.6506
4615;null;null;;False;6;942.6506
4619;null;null;;False;6;942.6506
4623;null;null;;False;6;942.6506
4626;null;null;;False;6;942.6506
4632;null;null;;False;6;942.6506
4636;null;null;;False;6;942.6506
4640;null;null;;False;6;942.6506
4645;null;null;;False;6;942.6506
4649;null;null;;False;6;942.6506
4654;null;null;;False;6;942.6506
4657;null;null;;False;6;942.6506
4662;null;null;;False;6;942.6506
4666;null;null;;False;6;942.6506
4670;null;null;;False;7;942.6506
4681;null;null;;False;7;942.6506
4686;null;null;;False;7;942.6506
4689;null;null;;False;7;942.6506
4694;null;null;;False;7;942.6506
4699;null;null;;False;7;942.6506
4704;null;null;;False;7;942.6506
4712;null;null;;False;7;942.6506
4717;null;null;;False;7;942.6506
4722;null;null;;False;7;942.6506
4726;null;null;;False;7;942.6506
4731;null;null;;False;7;942.6506
4735;null;null;;False;7;942.6506
4739;null;null;;False;7;942.6506
4744;null;null;;False;7;942.6506
4748;null;null;;False;7;942.6506
4753;null;null;;False;7;942.6506
4757;null;null;;False;7;942.6506
4761;null;null;;False;7;942.6506
4766;null;null;;False;7;942.6506
4773;null;null;;False;7;942.6506
4780;null;null;;False;7;942.6506
4786;null;null;;False;7;942.6506
4790;null;null;;False;7;942.6506
4795;null;null;;False;7;942.6506
4800;null;null;;False;7;942.6506
4804;null;null;;False;7;942.6506
4807;null;null;;False;7;942.6506
4811;null;null;;False;7;942.6506
4815;null;null;;False;7;942.6506
4819;null;null;;False;7;942.6506
4823;null;null;;False;7;942.6506
4827;null;null;;False;7;942.6506
4832;null;null;;False;7;942.6506
4837;null;null;;False;7;942.6506
4841;null;null;;False;7;942.6506
4845;null;null;;False;7;942.6506
4850;null;null;;False;7;942.6506
4855;null;null;;False;7;942.6506
4859;null;null;;False;7;942.6506
4863;null;null;;False;7;942.6506
4868;null;null;;False;7;942.6506
4874;null;null;;False;7;942.6506
4877;null;null;;False;7;942.6506
4882;null;null;;False;7;942.6506
4886;null;null;;False;7;942.6506
4890;null;null;;False;7;942.6506
4894;null;null;;False;7;942.6506
4899;null;null;;False;7;942.6506
4904;null;null;;False;7;942.6506
4908;null;null;;False;7;942.6506
4912;null;null;;False;7;942.6506
4915;null;null;;False;7;953.494
4921;null;null;;False;7;953.494
4923;null;null;;False;7;970.8434
4929;null;null;;False;7;970.8434
4933;null;null;;False;7;994.6988
4939;null;null;;False;7;994.6988
4942;null;null;;False;7;1020.723
4948;null;null;;False;7;1042.41
4953;null;null;;False;7;1042.41
4957;null;null;;False;7;1068.434
4964;null;null;;False;7;1068.434
4968;null;null;;False;7;1083.614
4972;null;null;;False;7;1105.301
4977;null;null;;False;7;1105.301
4981;null;null;;False;7;1124.819
4987;null;null;;False;7;1124.819
4991;null;null;;False;7;1131.325
4996;null;null;;False;7;1142.169
5001;null;null;;False;7;1142.169
5005;null;null;;False;7;1148.675
5010;null;null;;False;7;1148.675
5013;null;null;;False;7;1155.181
5019;null;null;;False;7;1155.181
5022;null;null;;False;7;1155.181
5027;null;null;;False;7;1155.181
5031;null;null;;False;7;1155.181
5035;null;null;;False;7;1155.181
5038;null;null;;False;7;1155.181
5042;null;null;;False;7;1155.181
5046;null;null;;False;7;1155.181
5050;null;null;;False;7;1155.181
5054;null;null;;False;7;1155.181
5057;null;null;;False;7;1155.181
5061;null;null;;False;7;1155.181
5066;null;null;;False;7;1155.181
5069;null;null;;False;7;1155.181
5076;null;null;;False;7;1155.181
5079;null;null;;False;7;1155.181
5083;null;null;;False;7;1155.181
5087;null;null;;False;7;1155.181
5091;null;null;;False;7;1155.181
5095;null;null;;False;7;1155.181
5099;null;null;;False;7;1155.181
5104;null;null;;False;7;1155.181
5107;null;null;;False;7;1155.181
5111;null;null;;False;7;1155.181
5116;null;null;;False;7;1155.181
5120;null;null;;False;7;1155.181
5124;null;null;;False;7;1155.181
5128;null;null;;False;7;1155.181
5132;null;null;;False;7;1155.181
5137;null;null;;False;7;1155.181
5141;null;null;;False;7;1155.181
5145;null;null;;False;7;1155.181
5151;null;null;;False;7;1155.181
5161;null;null;;False;7;1155.181
5167;null;null;;False;7;1155.181
5172;null;null;;False;7;1144.337
5177;null;null;;False;7;1144.337
5182;null;null;;False;7;1079.277
5196;null;null;;False;7;1070.602
5211;null;null;;False;7;1027.229
5217;null;null;;False;7;1027.229
5221;null;null;;False;7;1020.723
5226;null;null;;False;7;1016.385
5233;null;null;;False;7;1016.385
5239;null;null;;False;7;1016.385
5244;null;null;;False;7;1016.385
5249;null;null;;False;7;1016.385
5253;null;null;;False;7;1016.385
5257;null;null;;False;7;1016.385
5262;null;null;;False;7;1016.385
5266;null;null;;False;7;1016.385
5270;null;null;;False;7;1016.385
5274;null;null;;False;7;1016.385
5278;null;null;;False;7;1016.385
5283;null;null;;False;7;1016.385
5286;null;null;;False;7;1016.385
5291;null;null;;False;7;1016.385
5295;null;null;;False;7;1016.385
5300;null;null;;False;7;1016.385
5304;null;null;;False;7;1016.385
5308;null;null;;False;7;1016.385
5315;null;null;;False;7;1016.385
5326;null;null;;False;7;1016.385
5328;null;null;;False;7;1016.385
5334;null;null;;False;7;1016.385
5339;null;null;;False;7;1016.385
5343;null;null;;False;7;1016.385
5347;null;null;;False;7;1016.385
5353;null;null;;False;7;1016.385
5357;null;null;;False;7;1016.385
5360;null;null;;False;7;1016.385
5364;null;null;;False;7;1016.385
5369;null;null;;False;7;1016.385
5373;null;null;;False;7;1016.385
5377;null;null;;False;7;1016.385
5381;null;null;;False;7;1016.385
5386;null;null;;False;7;1016.385
5390;null;null;;False;7;1016.385
5394;null;null;;False;7;1016.385
5398;null;null;;False;7;1016.385
5403;null;null;;False;7;1016.385
5407;null;null;;False;7;1016.385
5412;null;null;;False;7;1016.385
5416;null;null;;False;7;1016.385
5420;null;null;;False;7;1016.385
5424;null;null;;False;7;1016.385
5428;null;null;;False;7;1016.385
5432;null;null;;False;7;1016.385
5436;null;null;;False;8;1016.385
5446;null;null;;False;8;1016.385
5451;null;null;;False;8;1016.385
5455;null;null;;False;8;1016.385
5459;null;null;;False;8;1016.385
5464;null;null;;False;8;1016.385
5468;null;null;;False;8;1016.385
5472;null;null;;False;8;1016.385
5476;null;null;;False;8;1016.385
5481;null;null;;False;8;1016.385
5485;null;null;;False;8;1016.385
5489;null;null;;False;8;1016.385
5494;null;null;;False;8;1016.385
5499;null;null;;False;8;1016.385
5504;null;null;;False;8;1016.385
5508;null;null;;False;8;1016.385
5514;null;null;;False;8;1016.385
5521;null;null;;False;8;1016.385
5527;null;null;;False;8;1012.048
5535;null;null;;False;8;1009.88
5542;null;null;;False;8;1007.711
5550;null;null;;False;8;1007.711
5555;null;null;;False;8;1007.711
5558;null;null;;False;8;1007.711
5562;null;null;;False;8;1007.711
5567;null;null;;False;8;1005.542
5573;null;null;;False;8;1005.542
5576;null;null;;False;8;1005.542
5580;null;null;;False;8;1005.542
5584;null;null;;False;8;1005.542
5589;null;null;;False;8;1005.542
5593;null;null;;False;8;1005.542
5597;null;null;;False;8;1005.542
5601;null;null;;False;8;1005.542
5605;null;null;;False;8;1005.542
5609;null;null;;False;8;1005.542
5613;null;null;;False;8;1003.373
5619;null;null;;False;8;1003.373
5623;null;null;;False;8;1003.373
5627;null;null;;False;8;1003.373
5631;null;null;;False;8;996.8674
5636;null;null;;False;8;996.8674
5642;null;null;;False;8;996.8674
5646;null;null;;False;8;996.8674
5650;null;null;;False;8;996.8674
5654;null;null;;False;8;994.6988
5659;null;null;;False;8;994.6988
5663;null;null;;False;8;990.3615
5669;null;null;;False;8;990.3615
5671;null;null;;False;8;990.3615
5676;null;null;;False;8;990.3615
5680;null;null;;False;8;990.3615
5684;null;null;;False;8;981.6867
5689;null;null;;False;8;981.6867
5692;null;null;;False;8;981.6867
5697;null;null;;False;8;981.6867
5702;null;null;;False;8;977.3494
5708;null;null;;False;8;977.3494
5712;null;null;;False;8;975.1807
5718;null;null;;False;8;973.012
5722;null;null;;False;8;973.012
5726;null;null;;False;8;968.6747
5732;null;null;;False;8;968.6747
5736;null;null;;False;8;964.3373
5741;null;null;;False;8;964.3373
5743;null;null;;False;8;964.3373
5747;null;null;;False;8;962.1686
5753;null;null;;False;8;962.1686
5756;null;null;;False;8;962.1686
5760;null;null;;False;8;962.1686
5764;null;null;;False;8;962.1686
5768;null;null;;False;8;962.1686
5772;null;null;;False;8;966.506
5778;null;null;;False;8;966.506
5782;null;null;;False;8;983.8554
5788;null;null;;False;8;983.8554
5791;null;null;;False;8;1001.205
5796;null;null;;False;8;1018.554
5801;null;null;;False;8;1018.554
5804;null;null;;False;8;1042.41
5809;null;null;;False;8;1042.41
5812;null;null;;False;8;1068.434
5818;null;null;;False;8;1068.434
5821;null;null;;False;8;1094.458
5826;null;null;;False;8;1094.458
5829;null;null;;False;8;1120.482
5835;null;null;;False;8;1120.482
5839;null;null;;False;8;1124.819
5844;null;null;;False;8;1144.337
5849;null;null;;False;8;1144.337
5853;null;null;;False;8;1144.337
5857;null;null;;False;8;1144.337
5861;null;null;;False;8;1146.506
5866;null;null;;False;8;1146.506
5869;null;null;;False;8;1146.506
5873;null;null;;False;8;1146.506
5877;null;null;;False;8;1146.506
5882;null;null;;False;8;1146.506
5886;null;null;;False;8;1146.506
5890;null;null;;False;8;1146.506
5894;null;null;;False;8;1146.506
5901;null;null;;False;8;1146.506
5904;null;null;;False;8;1146.506
5908;null;null;;False;8;1146.506
5912;null;null;;False;8;1146.506
5916;null;null;;False;8;1146.506
5920;null;null;;False;8;1146.506
5924;null;null;;False;8;1146.506
5928;null;null;;False;8;1146.506
5932;null;null;;False;8;1146.506
5937;null;null;;False;8;1146.506
5941;null;null;;False;8;1146.506
5945;null;null;;False;8;1146.506
5949;null;null;;False;8;1146.506
5954;null;null;;False;8;1146.506
5958;null;null;;False;8;1146.506
5962;null;null;;False;8;1146.506
5967;null;null;;False;8;1146.506
5972;null;null;;False;8;1146.506
5976;null;null;;False;8;1146.506
5981;null;null;;False;8;1146.506
5986;null;null;;False;8;1146.506
5990;null;null;;False;8;1146.506
5995;null;null;;False;8;1146.506
6000;null;null;;False;8;1146.506
6004;null;null;;False;8;1146.506
6008;null;null;;False;8;1146.506
6014;null;null;;False;8;1146.506
6025;null;null;;False;8;1146.506
6029;null;null;;False;8;1146.506
6035;null;null;;False;8;1146.506
6038;null;null;;False;8;1146.506
6043;null;null;;False;8;1146.506
6046;null;null;;False;8;1146.506
6052;null;null;;False;8;1146.506
6056;null;null;;False;8;1146.506
6060;null;null;;False;8;1146.506
6064;null;null;;False;8;1146.506
6070;null;null;;False;8;1146.506
6072;null;null;;False;8;1146.506
6078;null;null;;False;8;1146.506
6081;null;null;;False;8;1146.506
6085;null;null;;False;8;1146.506
6091;null;null;;False;8;1146.506
6094;null;null;;False;8;1146.506
6099;null;null;;False;8;1133.494
6105;null;null;;False;8;1133.494
6109;null;null;;False;8;1129.156
6114;null;null;;False;8;1129.156
6117;null;null;;False;8;1118.313
6123;null;null;;False;8;1100.964
6131;null;null;;False;8;1074.94
6138;null;null;;False;8;1055.422
6144;null;null;;False;8;1040.241
6153;null;null;;False;8;1040.241
6158;null;null;;False;8;1025.06
6165;null;null;;False;8;1005.542
6170;null;null;;False;8;1005.542
6172;null;null;;False;8;992.5301
6178;null;null;;False;8;992.5301
6181;null;null;;False;8;988.1927
6187;null;null;;False;8;988.1927
6193;null;null;;False;8;981.6867
6198;null;null;;False;8;979.5181
6204;null;null;;False;8;979.5181
6207;null;null;;False;8;977.3494
6212;null;null;;False;8;977.3494
6215;null;null;;False;8;977.3494
6219;null;null;;False;8;977.3494
6223;null;null;;False;8;977.3494
6227;null;null;;False;8;977.3494
6232;null;null;;False;8;977.3494
6236;null;null;;False;8;977.3494
6240;null;null;;False;8;977.3494
6244;null;null;;False;8;977.3494
6248;null;null;;False;8;977.3494
6252;null;null;;False;8;977.3494
6256;null;null;;False;8;977.3494
6260;null;null;;False;8;977.3494
6266;null;null;;False;8;977.3494
6270;null;null;;False;8;977.3494
6274;null;null;;False;8;977.3494
6278;null;null;;False;8;977.3494
6282;null;null;;False;8;977.3494
6286;null;null;;False;8;977.3494
6290;null;null;;False;8;977.3494
6294;null;null;;False;8;977.3494
6301;null;null;;False;8;977.3494
6304;null;null;;False;8;977.3494
6308;null;null;;False;8;977.3494
6312;null;null;;False;8;977.3494
6316;null;null;;False;8;977.3494
6320;null;null;;False;8;977.3494
6324;null;null;;False;8;977.3494
6328;null;null;;False;8;977.3494
6332;null;null;;False;8;977.3494
6337;null;null;;False;8;977.3494
6340;null;null;;False;8;977.3494
6344;null;null;;False;8;977.3494
6349;null;null;;False;8;977.3494
6353;null;null;;False;8;977.3494
6357;null;null;;False;8;977.3494
6362;null;null;;False;8;977.3494
6367;null;null;;False;8;977.3494
6371;null;null;;False;8;977.3494
6374;null;null;;False;8;977.3494
6378;null;null;;False;8;977.3494
6383;null;null;;False;8;977.3494
6387;null;null;;False;8;977.3494
6391;null;null;;False;8;977.3494
6396;null;null;;False;8;977.3494
6400;null;null;;False;8;977.3494
6404;null;null;;False;8;977.3494
6408;null;null;;False;8;977.3494
6412;null;null;;False;9;977.3494
6422;null;null;;False;9;973.012
6431;null;null;;False;9;973.012
6435;null;null;;False;9;973.012
6439;null;null;;False;9;977.3494
6446;null;null;;False;9;977.3494
6453;null;null;;False;9;979.5181
6459;null;null;;False;9;979.5181
6462;null;null;;False;9;979.5181
6466;null;null;;False;9;979.5181
6470;null;null;;False;9;979.5181
6474;null;null;;False;9;979.5181
6477;null;null;;False;9;981.6867
6483;null;null;;False;9;981.6867
6486;null;null;;False;9;981.6867
6490;null;null;;False;9;981.6867
6494;null;null;;False;9;981.6867
6499;null;null;;False;9;981.6867
6503;null;null;;False;9;981.6867
6508;null;null;;False;9;981.6867
6511;null;null;;False;9;981.6867
6515;null;null;;False;9;981.6867
6519;null;null;;False;9;981.6867
6523;null;null;;False;9;981.6867
6527;null;null;;False;9;981.6867
6535;null;null;;False;9;981.6867
6539;null;null;;False;9;981.6867
6543;null;null;;False;9;981.6867
6549;null;null;;False;9;981.6867
6553;null;null;;False;9;981.6867
6557;null;null;;False;9;981.6867
6561;null;null;;False;9;981.6867
6565;null;null;;False;9;981.6867
6569;null;null;;False;9;981.6867
6573;null;null;;False;9;981.6867
6576;null;null;;False;9;981.6867
6580;null;null;;False;9;981.6867
6584;null;null;;False;9;981.6867
6588;null;null;;False;9;981.6867
6592;null;null;;False;9;981.6867
6595;null;null;;False;9;981.6867
6599;null;null;;False;9;981.6867
6603;null;null;;False;9;981.6867
6607;null;null;;False;9;981.6867
6611;null;null;;False;9;981.6867
6615;null;null;;False;9;981.6867
6619;null;null;;False;9;981.6867
6623;null;null;;False;9;981.6867
6626;null;null;;False;9;981.6867
6630;null;null;;False;9;981.6867
6634;null;null;;False;9;981.6867
6638;null;null;;False;9;981.6867
6641;null;null;;False;9;981.6867
6645;null;null;;False;9;981.6867
6649;null;null;;False;9;981.6867
6653;null;null;;False;9;981.6867
6656;null;null;;False;9;981.6867
6660;null;null;;False;9;981.6867
6663;null;null;;False;9;981.6867
6668;null;null;;False;9;981.6867
6672;null;null;;False;9;990.3615
6676;null;null;;False;9;990.3615
6679;null;null;;False;9;1003.373
6685;null;null;;False;9;1031.566
6688;null;null;;False;9;1031.566
6692;null;null;;False;9;1055.422
6697;null;null;;False;9;1055.422
6700;null;null;;False;9;1079.277
6705;null;null;;False;9;1079.277
6708;null;null;;False;9;1092.289
6714;null;null;;False;9;1092.289
6717;null;null;;False;9;1100.964
6721;null;null;;False;9;1100.964
6725;null;null;;False;9;1103.133
6730;null;null;;False;9;1103.133
6734;null;null;;False;9;1111.807
6738;null;null;;False;9;1111.807
6741;null;null;;False;9;1113.976
6746;null;null;;False;9;1113.976
6749;null;null;;False;9;1120.482
6754;null;null;;False;9;1120.482
6757;null;null;;False;9;1122.651
6762;null;null;;False;9;1122.651
6765;null;null;;False;9;1126.988
6770;null;null;;False;9;1126.988
6773;null;null;;False;9;1135.663
6780;null;null;;False;9;1150.843
6785;null;null;;False;9;1150.843
6788;null;null;;False;9;1174.699
6795;null;null;;False;9;1174.699
6798;null;null;;False;9;1200.723
6804;null;null;;False;9;1222.41
6809;null;null;;False;9;1222.41
6813;null;null;;False;9;1244.096
6819;null;null;;False;9;1244.096
6824;null;null;;False;9;1261.446
6830;null;null;;False;9;1278.795
6835;null;null;;False;9;1278.795
6838;null;null;;False;9;1300.482
6843;null;null;;False;9;1300.482
6848;null;null;;False;9;1306.988
6853;null;null;;False;9;1309.156
6857;null;null;;False;9;1309.156
6860;null;null;;False;9;1311.325
6865;null;null;;False;9;1311.325
6869;null;null;;False;9;1311.325
6873;null;null;;False;9;1311.325
6877;null;null;;False;9;1311.325
6881;null;null;;False;9;1311.325
6885;null;null;;False;9;1311.325
6891;null;null;;False;9;1311.325
6897;null;null;;False;9;1311.325
6902;null;null;;False;9;1311.325
6908;null;null;;False;9;1311.325
6912;null;null;;False;9;1311.325
6916;null;null;;False;9;1311.325
6924;null;null;;False;9;1311.325
6926;null;null;;False;9;1311.325
6930;null;null;;False;9;1311.325
6934;null;null;;False;9;1311.325
6938;null;null;;False;9;1311.325
6942;null;null;;False;9;1311.325
6947;null;null;;False;9;1311.325
6952;null;null;;False;9;1311.325
6956;null;null;;False;9;1311.325
6960;null;null;;False;9;1311.325
6964;null;null;;False;9;1311.325
6969;null;null;;False;9;1311.325
6973;null;null;;False;9;1311.325
6977;null;null;;False;9;1311.325
6982;null;null;;False;9;1311.325
6986;null;null;;False;9;1311.325
6990;null;null;;False;9;1304.819
6995;null;null;;False;9;1304.819
6999;null;null;;False;9;1285.301
7009;null;null;;False;9;1254.94
7014;null;null;;False;9;1218.072
7018;null;null;;False;9;1218.072
7022;null;null;;False;9;1185.542
7027;null;null;;False;9;1185.542
7030;null;null;;False;9;1148.675
7036;null;null;;False;9;1148.675
7040;null;null;;False;9;1122.651
7046;null;null;;False;9;1103.133
7050;null;null;;False;9;1077.108
7057;null;null;;False;9;1051.084
7065;null;null;;False;9;1051.084
7070;null;null;;False;9;1035.904
7075;null;null;;False;9;1035.904
7078;null;null;;False;9;1029.398
7084;null;null;;False;9;1029.398
7087;null;null;;False;9;1027.229
7092;null;null;;False;9;1025.06
7098;null;null;;False;9;1025.06
7101;null;null;;False;9;1025.06
7103;null;null;;False;9;1025.06
7108;null;null;;False;9;1025.06
7111;null;null;;False;9;1025.06
7116;null;null;;False;9;1025.06
7119;null;null;;False;9;1025.06
7123;null;null;;False;9;1025.06
7127;null;null;;False;9;1025.06
7131;null;null;;False;9;1025.06
7138;null;null;;False;9;1025.06
7142;null;null;;False;9;1025.06
7146;null;null;;False;9;1025.06
7152;null;null;;False;9;1025.06
7157;null;null;;False;9;1025.06
7161;null;null;;False;9;1025.06
7166;null;null;;False;9;1025.06
7170;null;null;;False;9;1025.06
7174;null;null;;False;9;1025.06
7178;null;null;;False;9;1025.06
7183;null;null;;False;9;1025.06
7190;null;null;;False;9;1025.06
7193;null;null;;False;9;1025.06
7197;null;null;;False;9;1025.06
7204;null;null;;False;9;1025.06
7206;null;null;;False;9;1025.06
7210;null;null;;False;9;1025.06
7214;null;null;;False;9;1025.06
7218;null;null;;False;9;1025.06
7222;null;null;;False;9;1025.06
7226;null;null;;False;9;1025.06
7230;null;null;;False;9;1025.06
7234;null;null;;False;9;1025.06
7238;null;null;;False;9;1025.06
7242;null;null;;False;9;1025.06
7246;null;null;;False;9;1025.06
7251;null;null;;False;9;1025.06
7255;null;null;;False;9;1025.06
7259;null;null;;False;9;1025.06
7263;null;null;;False;9;1025.06
7268;null;null;;False;9;1025.06
7272;null;null;;False;9;1025.06
7276;null;null;;False;9;1025.06
7280;null;null;;False;9;1025.06
7285;null;null;;False;9;1025.06
7289;null;null;;False;9;1025.06
7293;null;null;;False;10;1025.06
7304;null;null;;False;10;1025.06
7308;null;null;;False;10;1025.06
7312;null;null;;False;10;1025.06
7317;null;null;;False;10;1025.06
7321;null;null;;False;10;1025.06
7325;null;null;;False;10;1025.06
7329;null;null;;False;10;1025.06
7335;null;null;;False;10;1025.06
7342;null;null;;False;10;1025.06
7347;null;null;;False;10;1025.06
7353;null;null;;False;10;1025.06
7358;null;null;;False;10;1025.06
7366;null;null;;False;10;1025.06
7373;null;null;;False;10;1025.06
7378;null;null;;False;10;1025.06
7384;null;null;;False;10;1025.06
7388;null;null;;False;10;1025.06
7392;null;null;;False;10;1025.06
7396;null;null;;False;10;1025.06
7401;null;null;;False;10;1025.06
7405;null;null;;False;10;1025.06
7410;null;null;;False;10;1025.06
7414;null;null;;False;10;1025.06
7418;null;null;;False;10;1025.06
7422;null;null;;False;10;1025.06
7426;null;null;;False;10;1025.06
7431;null;null;;False;10;1025.06
7435;null;null;;False;10;1025.06
7439;null;null;;False;10;1025.06
7444;null;null;;False;10;1025.06
7448;null;null;;False;10;1025.06
7452;null;null;;False;10;1025.06
7456;null;null;;False;10;1025.06
7459;null;null;;False;10;1025.06
7463;null;null;;False;10;1025.06
7467;null;null;;False;10;1025.06
7471;null;null;;False;10;1025.06
7475;null;null;;False;10;1025.06
7478;null;null;;False;10;1025.06
7484;null;null;;False;10;1025.06
7487;null;null;;False;10;1025.06
7491;null;null;;False;10;1025.06
7495;null;null;;False;10;1025.06
7499;null;null;;False;10;1025.06
7502;null;null;;False;10;1025.06
7506;null;null;;False;10;1025.06
7510;null;null;;False;10;1025.06
7514;null;null;;False;10;1025.06
7518;null;null;;False;10;1025.06
7521;null;null;;False;10;1025.06
7525;null;null;;False;10;1025.06
7529;null;null;;False;10;1025.06
7533;null;null;;False;10;1025.06
7536;null;null;;False;10;1025.06
7540;null;null;;False;10;1025.06
7544;null;null;;False;10;1025.06
7548;null;null;;False;10;1025.06
7553;null;null;;False;10;1025.06
7556;null;null;;False;10;1025.06
7559;null;null;;False;10;1025.06
7562;null;null;;False;10;1025.06
7566;null;null;;False;10;1025.06
7570;null;null;;False;10;1025.06
7574;null;null;;False;10;1025.06
7577;null;null;;False;10;1025.06
7581;null;null;;False;10;1025.06
7585;null;null;;False;10;1025.06
7596;null;null;;False;10;1025.06
7608;null;null;;False;10;1025.06
7611;null;null;;False;10;1025.06
7617;null;null;;False;10;1025.06
7621;null;null;;False;10;1020.723
7627;null;null;;False;10;1020.723
7630;null;null;;False;10;1020.723
7636;null;null;;False;10;1018.554
7642;null;null;;False;10;1018.554
7645;null;null;;False;10;1018.554
7650;null;null;;False;10;1018.554
7654;null;null;;False;10;1018.554
7659;null;null;;False;10;1018.554
7662;null;null;;False;10;1018.554
7667;null;null;;False;10;1018.554
7671;null;null;;False;10;1018.554
7675;null;null;;False;10;1018.554
7680;null;null;;False;10;1020.723
7685;null;null;;False;10;1029.398
7689;null;null;;False;10;1029.398
7693;null;null;;False;10;1033.735
7698;null;null;;False;10;1033.735
7701;null;null;;False;10;1038.072
7707;null;null;;False;10;1038.072
7710;null;null;;False;10;1044.578
7716;null;null;;False;10;1044.578
7720;null;null;;False;10;1048.916
7724;null;null;;False;10;1055.422
7729;null;null;;False;10;1055.422
7733;null;null;;False;10;1057.59
7739;null;null;;False;10;1057.59
7742;null;null;;False;10;1057.59
7746;null;null;;False;10;1057.59
7750;null;null;;False;10;1057.59
7754;null;null;;False;10;1057.59
7758;null;null;;False;10;1057.59
7762;null;null;;False;10;1057.59
7766;null;null;;False;10;1057.59
7770;null;null;;False;10;1057.59
7774;null;null;;False;10;1057.59
7781;null;null;;False;10;1057.59
7783;null;null;;False;10;1057.59
7787;null;null;;False;10;1057.59
7791;null;null;;False;10;1057.59
7795;null;null;;False;10;1057.59
7799;null;null;;False;10;1057.59
7803;null;null;;False;10;1057.59
7807;null;null;;False;10;1057.59
7811;null;null;;False;10;1057.59
7816;null;null;;False;10;1057.59
7819;null;null;;False;10;1057.59
7824;null;null;;False;10;1057.59
7827;null;null;;False;10;1057.59
7831;null;null;;False;10;1057.59
7836;null;null;;False;10;1057.59
7841;null;null;;False;10;1057.59
7844;null;null;;False;10;1057.59
7849;null;null;;False;10;1057.59
7853;null;null;;False;10;1057.59
7857;null;null;;False;10;1057.59
7861;null;null;;False;10;1057.59
7865;null;null;;False;10;1057.59
7869;null;null;;False;10;1057.59
7874;null;null;;False;10;1057.59
7878;null;null;;False;10;1057.59
7882;null;null;;False;10;1057.59
7889;null;null;;False;10;1057.59
7893;null;null;;False;10;1057.59
7904;null;null;;False;10;1057.59
7907;null;null;;False;10;1057.59
7911;null;null;;False;10;1057.59
7917;null;null;;False;10;1057.59
7920;null;null;;False;10;1057.59
7924;null;null;;False;10;1057.59
7928;null;null;;False;10;1057.59
7933;null;null;;False;10;1057.59
7938;null;null;;False;10;1057.59
7943;null;null;;False;10;1057.59
7952;null;null;;False;10;1057.59
7956;null;null;;False;10;1059.759
7960;null;null;;False;10;1059.759
7966;null;null;;False;10;1059.759
7971;null;null;;False;10;1059.759
7977;null;null;;False;10;1059.759
7985;null;null;;False;10;1059.759
7991;null;null;;False;10;1053.253
7996;null;null;;False;10;1046.747
8003;null;null;;False;10;1046.747
8006;null;null;;False;10;1038.072
8011;null;null;;False;10;1038.072
8015;null;null;;False;10;1033.735
8020;null;null;;False;10;1029.398
8025;null;null;;False;10;1029.398
8027;null;null;;False;10;1025.06
8033;null;null;;False;10;1025.06
8037;null;null;;False;10;1014.217
8042;null;null;;False;10;1014.217
8045;null;null;;False;10;1014.217
8050;null;null;;False;10;1014.217
8053;null;null;;False;10;1012.048
8058;null;null;;False;10;1012.048
8062;null;null;;False;10;1012.048
8066;null;null;;False;10;1012.048
8070;null;null;;False;10;1012.048
8074;null;null;;False;10;1012.048
8080;null;null;;False;10;1012.048
8085;null;null;;False;10;1012.048
8089;null;null;;False;10;1012.048
8092;null;null;;False;10;1012.048
8097;null;null;;False;10;1012.048
8101;null;null;;False;10;1012.048
8105;null;null;;False;10;1012.048
8108;null;null;;False;10;1020.723
8114;null;null;;False;10;1020.723
8117;null;null;;False;10;1033.735
8122;null;null;;False;10;1033.735
8124;null;null;;False;10;1040.241
8129;null;null;;False;10;1040.241
8132;null;null;;False;10;1046.747
8137;null;null;;False;10;1046.747
8140;null;null;;False;10;1051.084
8145;null;null;;False;10;1051.084
8148;null;null;;False;10;1053.253
8153;null;null;;False;10;1053.253
8157;null;null;;False;10;1059.759
8161;null;null;;False;10;1059.759
8165;null;null;;False;10;1064.096
8170;null;null;;False;10;1064.096
8174;null;null;;False;10;1072.771
8178;null;null;;False;10;1072.771
8182;null;null;;False;10;1081.446
8187;null;null;;False;10;1081.446
8190;null;null;;False;10;1100.964
8195;null;null;;False;10;1100.964
8198;null;null;;False;10;1113.976
8204;null;null;;False;10;1113.976
8207;null;null;;False;10;1137.831
8212;null;null;;False;10;1155.181
8217;null;null;;False;10;1155.181
8220;null;null;;False;10;1170.361
8225;null;null;;False;10;1170.361
8228;null;null;;False;10;1174.699
8233;null;null;;False;10;1174.699
8236;null;null;;False;10;1176.867
8241;null;null;;False;10;1176.867
8244;null;null;;False;10;1181.205
8250;null;null;;False;10;1181.205
8253;null;null;;False;10;1181.205
8257;null;null;;False;10;1181.205
8261;null;null;;False;10;1181.205
8265;null;null;;False;10;1181.205
8269;null;null;;False;10;1181.205
8273;null;null;;False;10;1181.205
8276;null;null;;False;10;1181.205
8280;null;null;;False;10;1181.205
8285;null;null;;False;10;1181.205
8288;null;null;;False;10;1181.205
8292;null;null;;False;10;1181.205
8296;null;null;;False;10;1181.205
8300;null;null;;False;10;1181.205
8303;null;null;;False;10;1181.205
8307;null;null;;False;10;1181.205
8311;null;null;;False;10;1181.205
8315;null;null;;False;10;1181.205
8318;null;null;;False;10;1181.205
8322;null;null;;False;10;1181.205
8326;null;null;;False;10;1181.205
8330;null;null;;False;10;1181.205
8334;null;null;;False;10;1181.205
8339;null;null;;False;10;1181.205
8343;null;null;;False;10;1181.205
8348;null;null;;False;10;1181.205
8353;null;null;;False;10;1181.205
8356;null;null;;False;10;1181.205
8361;null;null;;False;10;1181.205
8364;null;null;;False;10;1181.205
8370;null;null;;False;10;1181.205
8373;null;null;;False;10;1181.205
8378;null;null;;False;10;1181.205
8381;null;null;;False;10;1181.205
8387;null;null;;False;10;1181.205
8390;null;null;;False;10;1181.205
8395;null;null;;False;10;1181.205
8399;null;null;;False;10;1181.205
8403;null;null;;False;10;1181.205
8406;null;null;;False;10;1181.205
8410;null;null;;False;10;1181.205
8415;null;null;;False;10;1181.205
8420;null;null;;False;10;1181.205
8426;null;null;;False;10;1181.205
8429;null;null;;False;10;1181.205
8434;null;null;;False;10;1181.205
8438;null;null;;False;10;1181.205
8443;null;null;;False;10;1181.205
8447;null;null;;False;10;1181.205
8453;null;null;;False;10;1181.205
8457;null;null;;False;10;1181.205
8462;null;null;;False;10;1181.205
8467;null;null;;False;10;1181.205
8471;null;null;;False;10;1181.205
8475;null;null;;False;10;1181.205
8479;null;null;;False;10;1179.036
8486;null;null;;False;10;1179.036
8488;null;null;;False;10;1179.036
8492;null;null;;False;10;1179.036
8496;null;null;;False;10;1179.036
8501;null;null;;False;10;1179.036
8505;null;null;;False;10;1179.036
8509;null;null;;False;10;1179.036
8514;null;null;;False;10;1179.036
8520;null;null;;False;10;1176.867
8525;null;null;;False;10;1174.699
8529;null;null;;False;10;1174.699
8533;null;null;;False;10;1170.361
8538;null;null;;False;10;1170.361
8542;null;null;;False;10;1170.361
8545;null;null;;False;10;1170.361
8549;null;null;;False;10;1163.855
8554;null;null;;False;10;1163.855
8557;null;null;;False;10;1163.855
8562;null;null;;False;10;1163.855
8565;null;null;;False;10;1163.855
8570;null;null;;False;10;1163.855
8574;null;null;;False;10;1163.855
8578;null;null;;False;10;1163.855
8582;null;null;;False;10;1163.855
8586;null;null;;False;10;1163.855
8590;null;null;;False;10;1163.855
8596;null;null;;False;10;1163.855
8598;null;null;;False;10;1163.855
8602;null;null;;False;10;1163.855
8605;null;null;;False;10;1163.855
8609;null;null;;False;10;1163.855
8613;null;null;;False;10;1163.855
8618;null;null;;False;10;1163.855
8622;null;null;;False;10;1163.855
8626;null;null;;False;10;1163.855
8630;null;null;;False;10;1163.855
8634;null;null;;False;10;1163.855
8637;null;null;;False;10;1163.855
8641;null;null;;False;10;1163.855
8645;null;null;;False;10;1163.855
8650;null;null;;False;10;1163.855
8653;null;null;;False;10;1163.855
8656;null;null;;False;10;1163.855
8660;null;null;;False;10;1163.855
8664;null;null;;False;10;1163.855
8668;null;null;;False;10;1163.855
8672;null;null;;False;10;1163.855
8675;null;null;;False;10;1163.855
8679;null;null;;False;10;1163.855
8683;null;null;;False;10;1163.855
8687;null;null;;False;10;1163.855
8690;null;null;;False;10;1163.855
8694;null;null;;False;10;1163.855
8699;null;null;;False;10;1163.855
8702;null;null;;False;10;1163.855
8706;null;null;;False;10;1163.855
8709;null;null;;False;10;1163.855
8713;null;null;;False;10;1163.855
8718;null;null;;False;10;1163.855
8721;null;null;;False;10;1163.855
8725;null;null;;False;10;1163.855
8731;null;null;;False;10;1163.855
8734;null;null;;False;10;1172.53
8739;null;null;;False;10;1172.53
8742;null;null;;False;10;1176.867
8747;null;null;;False;10;1176.867
8751;null;null;;False;10;1176.867
8754;null;null;;False;10;1176.867
8758;null;null;;False;10;1176.867
8762;null;null;;False;10;1176.867
8766;null;null;;False;10;1176.867
8769;null;null;;False;10;1176.867
8773;null;null;;False;10;1176.867
8777;null;null;;False;10;1176.867
8780;null;null;;False;10;1176.867
8785;null;null;;False;10;1176.867
8788;null;null;;False;10;1176.867
8792;null;null;;False;10;1176.867
8796;null;null;;False;10;1176.867
8800;null;null;;False;10;1176.867
8804;null;null;;False;10;1176.867
8807;null;null;;False;10;1176.867
8811;null;null;;False;10;1176.867
8815;null;null;;False;10;1176.867
8819;null;null;;False;10;1176.867
8822;null;null;;False;10;1176.867
8826;null;null;;False;10;1176.867
8830;null;null;;False;10;1176.867
8834;null;null;;False;10;1176.867
8838;null;null;;False;10;1176.867
8842;null;null;;False;10;1176.867
8846;null;null;;False;10;1176.867
8850;null;null;;False;10;1176.867
8854;null;null;;False;10;1181.205
8859;null;null;;False;10;1181.205
8861;null;null;;False;10;1181.205
8865;null;null;;False;10;1181.205
8869;null;null;;False;10;1181.205
8872;null;null;;False;10;1181.205
8876;null;null;;False;10;1181.205
8880;null;null;;False;10;1181.205
8884;null;null;;False;10;1181.205
8887;null;null;;False;10;1181.205
8890;null;null;;False;10;1181.205
8894;null;null;;False;10;1181.205
8898;null;null;;False;10;1181.205
8903;null;null;;False;10;1181.205
8905;null;null;;False;10;1181.205
8909;null;null;;False;10;1181.205
8913;null;null;;False;10;1181.205
8917;null;null;;False;10;1181.205
8921;null;null;;False;10;1181.205
8924;null;null;;False;10;1181.205
8928;null;null;;False;10;1181.205
8932;null;null;;False;10;1181.205
8936;null;null;;False;10;1181.205
8940;null;null;;False;10;1181.205
8944;null;null;;False;10;1181.205
8947;null;null;;False;10;1181.205
8952;null;null;;False;10;1181.205
8956;null;null;;False;10;1181.205
8960;null;null;;False;10;1181.205
8964;null;null;;False;10;1181.205
8968;null;null;;False;10;1181.205
8971;null;null;;False;10;1181.205
8975;null;null;;False;10;1181.205
8979;null;null;;False;10;1181.205
8983;null;null;;False;10;1181.205
8987;null;null;;False;10;1181.205
8990;null;null;;False;10;1181.205
8994;null;null;;False;10;1181.205
8999;null;null;;False;10;1181.205
9003;null;null;;False;10;1181.205
9006;null;null;;False;10;1181.205
9010;null;null;;False;10;1181.205
9014;null;null;;False;10;1181.205
9018;null;null;;False;10;1181.205
9021;null;null;;False;10;1181.205
9025;null;null;;False;10;1181.205
9028;null;null;;False;10;1181.205
9033;null;null;;False;10;1181.205
9036;null;null;;False;10;1181.205
9040;null;null;;False;10;1181.205
9044;null;null;;False;10;1181.205
9048;null;null;;False;10;1181.205
9052;null;null;;False;10;1181.205
9055;null;null;;False;10;1181.205
9059;null;null;;False;10;1181.205
9066;null;null;;False;10;1181.205
9068;null;null;;False;10;1181.205
9073;null;null;;False;10;1181.205
9076;null;null;;False;10;1172.53
9082;null;null;;False;10;1172.53
9085;null;null;;False;10;1170.361
9090;null;null;;False;10;1170.361
9093;null;null;;False;10;1163.855
9098;null;null;;False;10;1163.855
9101;null;null;;False;10;1157.349
9106;null;null;;False;10;1157.349
9109;null;null;;False;10;1148.675
9114;null;null;;False;10;1148.675
9117;null;null;;False;10;1133.494
9122;null;null;;False;10;1133.494
9125;null;null;;False;10;1107.47
9130;null;null;;False;10;1107.47
9133;null;null;;False;10;1100.964
9137;null;null;;False;10;1100.964
9140;null;null;;False;10;1085.783
9145;null;null;;False;10;1085.783
9148;null;null;;False;10;1072.771
9153;null;null;;False;10;1072.771
9156;null;null;;False;10;1059.759
9161;null;null;;False;10;1059.759
9165;null;null;;False;10;1046.747
9171;null;null;;False;10;1046.747
9173;null;null;;False;10;1040.241
9178;null;null;;False;10;1040.241
9182;null;null;;False;10;1038.072
9187;null;null;;False;10;1038.072
9190;null;null;;False;10;1035.904
9195;null;null;;False;10;1035.904
9198;null;null;;False;10;1035.904
9203;null;null;;False;10;1035.904
9206;null;null;;False;10;1035.904
9210;null;null;;False;10;1035.904
9214;null;null;;False;10;1035.904
9218;null;null;;False;10;1035.904
9221;null;null;;False;10;1035.904
9226;null;null;;False;10;1035.904
9230;null;null;;False;10;1035.904
9235;null;null;;False;10;1035.904
9239;null;null;;False;10;1035.904
9243;null;null;;False;10;1035.904
9248;null;null;;False;10;1035.904
9254;null;null;;False;10;1035.904
9259;null;null;;False;10;1035.904
9262;null;null;;False;10;1035.904
9267;null;null;;False;10;1035.904
9272;null;null;;False;10;1035.904
9276;null;null;;False;10;1035.904
9282;null;null;;False;10;1035.904
9286;null;null;;False;10;1035.904
9290;null;null;;False;10;1035.904
9294;null;null;;False;10;1035.904
9299;null;null;;False;10;1035.904
9303;null;null;;False;10;1035.904
9307;null;null;;False;10;1035.904
9311;null;null;;False;10;1035.904
9318;null;null;;False;10;1035.904
9321;null;null;;False;10;1035.904
9325;null;null;;False;10;1035.904
9329;null;null;;False;10;1035.904
9334;null;null;;False;10;1035.904
9338;null;null;;False;10;1035.904
9341;null;null;;False;10;1035.904
9345;null;null;;False;10;1035.904
9350;null;null;;False;10;1035.904
9353;null;null;;False;10;1035.904
9357;null;null;;False;10;1035.904
9362;null;null;;False;10;1035.904
9366;null;null;;False;10;1035.904
9369;null;null;;False;10;1035.904
9374;null;null;;False;10;1035.904
9377;null;null;;False;10;1035.904
9381;null;null;;False;10;1035.904
9385;null;null;;False;10;1035.904
9389;null;null;;False;10;1035.904
9393;null;null;;False;10;1035.904
9398;null;null;;False;10;1035.904
9402;null;null;;False;10;1035.904
9406;null;null;;False;10;1035.904
9410;null;null;;False;10;1035.904
9414;null;null;;False;10;1035.904
9418;null;null;;False;10;1035.904
9422;null;null;;False;10;1035.904
9426;null;null;;False;10;1035.904
9430;null;null;;False;11;1035.904
9440;null;null;;False;11;1035.904
9443;null;null;;False;11;1035.904
9448;null;null;;False;11;1035.904
9453;null;null;;False;11;1035.904
9457;null;null;;False;11;1035.904
9462;null;null;;False;11;1035.904
9466;null;null;;False;11;1035.904
9472;null;null;;False;11;1035.904
9476;null;null;;False;11;1035.904
9480;null;null;;False;11;1035.904
9485;null;null;;False;11;1035.904
9490;null;null;;False;11;1035.904
9496;null;null;;False;11;1035.904
9504;null;null;;False;11;1035.904
9508;null;null;;False;11;1035.904
9515;null;null;;False;11;1035.904
9518;null;null;;False;11;1035.904
9522;null;null;;False;11;1035.904
9525;null;null;;False;11;1042.41
9531;null;null;;False;11;1042.41
9535;null;null;;False;11;1042.41
9541;null;null;;False;11;1042.41
9545;null;null;;False;11;1042.41
9549;null;null;;False;11;1042.41
9553;null;null;;False;11;1042.41
9559;null;null;;False;11;1042.41
9564;null;null;;False;11;1042.41
9569;null;null;;False;11;1042.41
9573;null;null;;False;11;1042.41
9577;null;null;;False;11;1042.41
9581;null;null;;False;11;1044.578
9587;null;null;;False;11;1044.578
9589;null;null;;False;11;1044.578
9594;null;null;;False;11;1044.578
9598;null;null;;False;11;1044.578
9602;null;null;;False;11;1044.578
9606;null;null;;False;11;1044.578
9609;null;null;;False;11;1044.578
9613;null;null;;False;11;1046.747
9618;null;null;;False;11;1046.747
9621;null;null;;False;11;1046.747
9625;null;null;;False;11;1046.747
9629;null;null;;False;11;1046.747
9635;null;null;;False;11;1051.084
9641;null;null;;False;11;1051.084
9647;null;null;;False;11;1051.084
9654;null;null;;False;11;1051.084
9659;null;null;;False;11;1051.084
9664;null;null;;False;11;1053.253
9670;null;null;;False;11;1057.59
9674;null;null;;False;11;1057.59
9677;null;null;;False;11;1064.096
9683;null;null;;False;11;1064.096
9687;null;null;;False;11;1070.602
9692;null;null;;False;11;1070.602
9696;null;null;;False;11;1083.614
9701;null;null;;False;11;1100.964
9706;null;null;;False;11;1100.964
9709;null;null;;False;11;1113.976
9713;null;null;;False;11;1113.976
9717;null;null;;False;11;1118.313
9724;null;null;;False;11;1118.313
9727;null;null;;False;11;1129.156
9733;null;null;;False;11;1133.494
9738;null;null;;False;11;1133.494
9741;null;null;;False;11;1135.663
9746;null;null;;False;11;1135.663
9750;null;null;;False;11;1142.169
9755;null;null;;False;11;1142.169
9770;null;null;;False;11;1142.169
9775;null;null;;False;11;1142.169
9786;null;null;;False;11;1142.169
9789;null;null;;False;11;1142.169
9793;null;null;;False;11;1142.169
9797;null;null;;False;11;1142.169
9803;null;null;;False;11;1142.169
9807;null;null;;False;11;1144.337
9812;null;null;;False;11;1144.337
9815;null;null;;False;11;1144.337
9820;null;null;;False;11;1144.337
9826;null;null;;False;11;1144.337
9829;null;null;;False;11;1140
9834;null;null;;False;11;1140
9837;null;null;;False;11;1133.494
9842;null;null;;False;11;1133.494
9845;null;null;;False;11;1124.819
9852;null;null;;False;11;1113.976
9856;null;null;;False;11;1113.976
9859;null;null;;False;11;1107.47
9865;null;null;;False;11;1107.47
9868;null;null;;False;11;1087.952
9874;null;null;;False;11;1087.952
9877;null;null;;False;11;1077.108
9882;null;null;;False;11;1077.108
9886;null;null;;False;11;1070.602
9891;null;null;;False;11;1070.602
9894;null;null;;False;11;1057.59
9898;null;null;;False;11;1057.59
9902;null;null;;False;11;1055.422
9907;null;null;;False;11;1055.422
9910;null;null;;False;11;1053.253
9915;null;null;;False;11;1053.253
9919;null;null;;False;11;1053.253
9924;null;null;;False;11;1053.253
9929;null;null;;False;11;1053.253
9935;null;null;;False;11;1053.253
9942;null;null;;False;11;1053.253
9946;null;null;;False;11;1053.253
9950;null;null;;False;11;1053.253
9954;null;null;;False;11;1053.253
9958;null;null;;False;11;1053.253
9962;null;null;;False;11;1053.253
9966;null;null;;False;11;1053.253
9970;null;null;;False;11;1053.253
9974;null;null;;False;11;1053.253
9978;null;null;;False;11;1053.253
9982;null;null;;False;11;1053.253
9986;null;null;;False;11;1053.253
9990;null;null;;False;11;1053.253
9994;null;null;;False;11;1053.253
9998;null;null;;False;11;1053.253
10004;null;null;;False;11;1055.422
10009;null;null;;False;11;1055.422
10012;null;null;;False;11;1055.422
10016;null;null;;False;11;1055.422
10020;null;null;;False;11;1057.59
10026;null;null;;False;11;1057.59
10029;null;null;;False;11;1057.59
10033;null;null;;False;11;1057.59
10038;null;null;;False;11;1059.759
10043;null;null;;False;11;1059.759
10047;null;null;;False;11;1059.759
10052;null;null;;False;11;1059.759
10058;null;null;;False;11;1059.759
10062;null;null;;False;11;1066.265
10070;null;null;;False;11;1066.265
10073;null;null;;False;11;1066.265
10078;null;null;;False;11;1068.434
10084;null;null;;False;11;1072.771
10090;null;null;;False;11;1072.771
10093;null;null;;False;11;1072.771
10098;null;null;;False;11;1072.771
10104;null;null;;False;11;1083.614
10108;null;null;;False;11;1083.614
10112;null;null;;False;11;1085.783
10117;null;null;;False;11;1085.783
10120;null;null;;False;11;1085.783
10124;null;null;;False;11;1085.783
10128;null;null;;False;11;1085.783
10132;null;null;;False;11;1085.783
10136;null;null;;False;11;1085.783
10140;null;null;;False;11;1085.783
10144;null;null;;False;11;1085.783
10148;null;null;;False;11;1085.783
10152;null;null;;False;11;1085.783
10156;null;null;;False;11;1085.783
10159;null;null;;False;11;1085.783
10163;null;null;;False;11;1087.952
10169;null;null;;False;11;1087.952
10173;null;null;;False;11;1087.952
10176;null;null;;False;11;1087.952
10180;null;null;;False;11;1092.289
10186;null;null;;False;11;1092.289
10188;null;null;;False;11;1092.289
10192;null;null;;False;11;1092.289
10197;null;null;;False;11;1096.626
10201;null;null;;False;11;1096.626
10205;null;null;;False;11;1096.626
10208;null;null;;False;11;1096.626
10212;null;null;;False;11;1096.626
10216;null;null;;False;11;1096.626
10220;null;null;;False;11;1096.626
10223;null;null;;False;11;1096.626
10227;null;null;;False;11;1096.626
10235;null;null;;False;11;1096.626
10237;null;null;;False;11;1098.795
10242;null;null;;False;11;1098.795
10245;null;null;;False;11;1098.795
10249;null;null;;False;11;1098.795
10253;null;null;;False;11;1098.795
10257;null;null;;False;11;1098.795
10260;null;null;;False;11;1098.795
10264;null;null;;False;11;1098.795
10269;null;null;;False;11;1098.795
10272;null;null;;False;11;1098.795
10277;null;null;;False;11;1098.795
10281;null;null;;False;11;1098.795
10285;null;null;;False;11;1098.795
10289;null;null;;False;11;1098.795
10292;null;null;;False;11;1098.795
10296;null;null;;False;11;1098.795
10301;null;null;;False;11;1098.795
10305;null;null;;False;11;1098.795
10308;null;null;;False;11;1098.795
10312;null;null;;False;11;1098.795
10316;null;null;;False;11;1098.795
10320;null;null;;False;11;1098.795
10324;null;null;;False;11;1098.795
10328;null;null;;False;11;1098.795
