9132;null;null;;False;0;1228.512
4;null;null;;False;0;1228.512
9;null;null;;False;0;1228.512
16;null;null;;False;0;1222.363
23;null;null;;False;0;1222.363
27;null;null;;False;0;1222.363
30;null;null;;False;0;1222.363
34;null;null;;False;0;1222.363
38;null;null;;False;0;1222.363
43;null;null;;False;0;1222.363
46;null;null;;False;0;1222.363
50;null;null;;False;0;1222.363
55;null;null;;False;0;1222.363
59;null;null;;False;0;1222.363
63;null;null;;False;0;1222.363
67;null;null;;False;0;1222.363
71;null;null;;False;0;1222.363
75;null;null;;False;0;1222.363
79;null;null;;False;0;1222.363
93;null;null;;False;0;1222.363
95;null;null;;False;0;1222.363
101;null;null;;False;0;1222.363
104;null;null;;False;0;1222.363
108;null;null;;False;0;1222.363
113;null;null;;False;0;1222.363
117;null;null;;False;0;1222.363
120;null;null;;False;0;1222.363
125;null;null;;False;0;1222.363
129;null;null;;False;0;1222.363
133;null;null;;False;0;1222.363
137;null;null;;False;0;1222.363
142;null;null;;False;0;1222.363
146;null;null;;False;0;1222.363
148;null;null;;False;0;1222.363
152;null;null;;False;0;1222.363
156;null;null;;False;0;1222.363
160;null;null;;False;0;1222.363
164;null;null;;False;0;1222.363
168;null;null;;False;0;1222.363
173;null;null;;False;0;1222.363
176;null;null;;False;0;1222.363
180;null;null;;False;0;1222.363
185;null;null;;False;0;1222.363
188;null;null;;False;0;1222.363
192;null;null;;False;0;1222.363
196;null;null;;False;0;1222.363
200;null;null;;False;0;1222.363
204;null;null;;False;0;1222.363
208;null;null;;False;0;1222.363
212;null;null;;False;0;1222.363
216;null;null;;False;0;1222.363
219;null;null;;False;0;1222.363
223;null;null;;False;0;1222.363
227;null;null;;False;0;1222.363
231;null;null;;False;0;1222.363
234;null;null;;False;0;1222.363
239;null;null;;False;0;1222.363
242;null;null;;False;0;1222.363
246;null;null;;False;0;1222.363
250;null;null;;False;0;1222.363
254;null;null;;False;0;1222.363
258;null;null;;False;0;1222.363
262;null;null;;False;0;1222.363
265;null;null;;False;0;1222.363
269;null;null;;False;0;1222.363
274;null;null;;False;0;1222.363
278;null;null;;False;0;1222.363
281;null;null;;False;0;1222.363
285;null;null;;False;0;1222.363
289;null;null;;False;0;1222.363
293;null;null;;False;0;1222.363
299;null;null;;False;0;1222.363
302;null;null;;False;0;1222.363
306;null;null;;False;0;1222.363
310;null;null;;False;0;1208.015
317;null;null;;False;0;1208.015
319;null;null;;False;0;1183.419
325;null;null;;False;0;1183.419
328;null;null;;False;0;1171.12
335;null;null;;False;0;1171.12
338;null;null;;False;0;1164.971
345;null;null;;False;0;1164.971
347;null;null;;False;0;1164.971
350;null;null;;False;0;1164.971
355;null;null;;False;0;1164.971
359;null;null;;False;0;1162.922
366;null;null;;False;0;1162.922
368;null;null;;False;0;1162.922
372;null;null;;False;0;1162.922
377;null;null;;False;0;1158.822
382;null;null;;False;0;1150.623
387;null;null;;False;0;1150.623
390;null;null;;False;0;1138.325
396;null;null;;False;0;1138.325
398;null;null;;False;0;1130.126
404;null;null;;False;0;1130.126
407;null;null;;False;0;1101.43
412;null;null;;False;0;1101.43
415;null;null;;False;0;1080.933
421;null;null;;False;0;1080.933
425;null;null;;False;0;1056.337
431;null;null;;False;0;1037.889
436;null;null;;False;0;1037.889
439;null;null;;False;0;1017.392
444;null;null;;False;0;1017.392
447;null;null;;False;0;1011.243
452;null;null;;False;0;1011.243
455;null;null;;False;0;1011.243
459;null;null;;False;0;1011.243
464;null;null;;False;0;1011.243
468;null;null;;False;0;1011.243
473;null;null;;False;0;1011.243
477;null;null;;False;0;1011.243
482;null;null;;False;0;1011.243
485;null;null;;False;0;1011.243
490;null;null;;False;0;1011.243
495;null;null;;False;0;1011.243
499;null;null;;False;0;1011.243
503;null;null;;False;0;1011.243
508;null;null;;False;0;1011.243
512;null;null;;False;0;1011.243
516;null;null;;False;0;1011.243
521;null;null;;False;0;1011.243
525;null;null;;False;0;1011.243
530;null;null;;False;0;1011.243
535;null;null;;False;0;1011.243
540;null;null;;False;0;1011.243
544;null;null;;False;0;1011.243
549;null;null;;False;0;1011.243
553;null;null;;False;0;1011.243
558;null;null;;False;0;1011.243
562;null;null;;False;0;1011.243
567;null;null;;False;0;1011.243
571;null;null;;False;0;1011.243
576;null;null;;False;0;1011.243
584;null;null;;False;0;1011.243
587;null;null;;False;0;1011.243
592;null;null;;False;0;1011.243
597;null;null;;False;0;1011.243
601;null;null;;False;0;1011.243
606;null;null;;False;0;1011.243
611;null;null;;False;0;1011.243
614;null;null;;False;0;1011.243
619;null;null;;False;0;1011.243
623;null;null;;False;0;1011.243
628;null;null;;False;0;1011.243
632;null;null;;False;0;1011.243
637;null;null;;False;0;1011.243
642;null;null;;False;0;1011.243
646;null;null;;False;0;1011.243
650;null;null;;False;0;1011.243
655;null;null;;False;0;1011.243
659;null;null;;False;0;1011.243
663;null;null;;False;0;1011.243
667;null;null;;False;0;1011.243
671;null;null;;False;0;1011.243
676;null;null;;False;0;1011.243
679;null;null;;False;1;1011.243
689;null;null;;False;1;1011.243
694;null;null;;False;1;1011.243
698;null;null;;False;1;1011.243
701;null;null;;False;1;1011.243
706;null;null;;False;1;1011.243
709;null;null;;False;1;1011.243
713;null;null;;False;1;1011.243
716;null;null;;False;1;1011.243
720;null;null;;False;1;1011.243
724;null;null;;False;1;1011.243
728;null;null;;False;1;1011.243
732;null;null;;False;1;1011.243
736;null;null;;False;1;1009.193
742;null;null;;False;1;1009.193
745;null;null;;False;1;1009.193
748;null;null;;False;1;1009.193
753;null;null;;False;1;1007.143
759;null;null;;False;1;1007.143
762;null;null;;False;1;1007.143
765;null;null;;False;1;1007.143
769;null;null;;False;1;1007.143
774;null;null;;False;1;1007.143
777;null;null;;False;1;1007.143
781;null;null;;False;1;1007.143
785;null;null;;False;1;1007.143
790;null;null;;False;1;1007.143
793;null;null;;False;1;1007.143
797;null;null;;False;1;1007.143
801;null;null;;False;1;1007.143
805;null;null;;False;1;1007.143
810;null;null;;False;1;1007.143
815;null;null;;False;1;1007.143
818;null;null;;False;1;1007.143
822;null;null;;False;1;1007.143
826;null;null;;False;1;1007.143
829;null;null;;False;1;1007.143
833;null;null;;False;1;1007.143
838;null;null;;False;1;1007.143
841;null;null;;False;1;1007.143
845;null;null;;False;1;1007.143
849;null;null;;False;1;1007.143
853;null;null;;False;1;1007.143
857;null;null;;False;1;1007.143
861;null;null;;False;1;1007.143
867;null;null;;False;1;1007.143
870;null;null;;False;1;1007.143
875;null;null;;False;1;1007.143
878;null;null;;False;1;1007.143
885;null;null;;False;1;1007.143
887;null;null;;False;1;998.9445
899;null;null;;False;1;998.9445
901;null;null;;False;1;998.9445
907;null;null;;False;1;998.9445
911;null;null;;False;1;998.9445
917;null;null;;False;1;998.9445
920;null;null;;False;1;996.8948
926;null;null;;False;1;996.8948
928;null;null;;False;1;996.8948
932;null;null;;False;1;996.8948
936;null;null;;False;1;996.8948
940;null;null;;False;1;996.8948
944;null;null;;False;1;996.8948
948;null;null;;False;1;996.8948
952;null;null;;False;1;996.8948
957;null;null;;False;1;996.8948
960;null;null;;False;1;996.8948
964;null;null;;False;1;996.8948
968;null;null;;False;1;996.8948
976;null;null;;False;1;996.8948
979;null;null;;False;1;996.8948
982;null;null;;False;1;996.8948
987;null;null;;False;1;996.8948
991;null;null;;False;1;996.8948
995;null;null;;False;1;996.8948
999;null;null;;False;1;996.8948
1003;null;null;;False;1;996.8948
1008;null;null;;False;1;996.8948
1012;null;null;;False;1;996.8948
1017;null;null;;False;1;996.8948
1021;null;null;;False;1;996.8948
1026;null;null;;False;1;996.8948
1030;null;null;;False;1;996.8948
1034;null;null;;False;1;996.8948
1039;null;null;;False;1;996.8948
1043;null;null;;False;1;996.8948
1047;null;null;;False;1;996.8948
1051;null;null;;False;1;996.8948
1056;null;null;;False;1;996.8948
1060;null;null;;False;1;996.8948
1064;null;null;;False;1;996.8948
1068;null;null;;False;1;996.8948
1073;null;null;;False;1;996.8948
1077;null;null;;False;2;996.8948
1089;null;null;;False;2;996.8948
1094;null;null;;False;2;996.8948
1102;null;null;;False;2;996.8948
1105;null;null;;False;2;996.8948
1111;null;null;;False;2;996.8948
1114;null;null;;False;2;996.8948
1118;null;null;;False;2;996.8948
1124;null;null;;False;2;996.8948
1128;null;null;;False;2;996.8948
1132;null;null;;False;2;996.8948
1136;null;null;;False;2;996.8948
1141;null;null;;False;2;996.8948
1145;null;null;;False;2;996.8948
1149;null;null;;False;2;996.8948
1153;null;null;;False;2;996.8948
1158;null;null;;False;2;996.8948
1162;null;null;;False;2;996.8948
1167;null;null;;False;2;996.8948
1175;null;null;;False;2;996.8948
1178;null;null;;False;2;996.8948
1182;null;null;;False;2;996.8948
1186;null;null;;False;2;996.8948
1190;null;null;;False;2;996.8948
1194;null;null;;False;2;996.8948
1205;null;null;;False;2;996.8948
1211;null;null;;False;2;996.8948
1220;null;null;;False;2;996.8948
1222;null;null;;False;2;996.8948
1227;null;null;;False;2;996.8948
1230;null;null;;False;2;996.8948
1234;null;null;;False;2;996.8948
1238;null;null;;False;2;996.8948
1242;null;null;;False;2;996.8948
1246;null;null;;False;2;996.8948
1250;null;null;;False;2;996.8948
1255;null;null;;False;2;996.8948
1259;null;null;;False;2;996.8948
1262;null;null;;False;2;996.8948
1266;null;null;;False;2;996.8948
1270;null;null;;False;2;996.8948
1274;null;null;;False;2;996.8948
1278;null;null;;False;3;996.8948
1288;null;null;;False;3;996.8948
1291;null;null;;False;3;996.8948
1295;null;null;;False;3;996.8948
1305;null;null;;False;3;996.8948
1308;null;null;;False;3;996.8948
1313;null;null;;False;3;996.8948
1317;null;null;;False;3;996.8948
1321;null;null;;False;3;996.8948
1326;null;null;;False;3;996.8948
1331;null;null;;False;3;996.8948
1335;null;null;;False;3;996.8948
1340;null;null;;False;3;996.8948
1344;null;null;;False;3;996.8948
1348;null;null;;False;3;996.8948
1353;null;null;;False;3;996.8948
1358;null;null;;False;3;996.8948
1362;null;null;;False;3;996.8948
1366;null;null;;False;3;996.8948
1371;null;null;;False;3;996.8948
1376;null;null;;False;3;996.8948
1380;null;null;;False;3;996.8948
1385;null;null;;False;3;996.8948
1392;null;null;;False;3;996.8948
1398;null;null;;False;3;996.8948
1402;null;null;;False;3;996.8948
1407;null;null;;False;3;996.8948
1411;null;null;;False;3;996.8948
1414;null;null;;False;3;996.8948
1420;null;null;;False;3;996.8948
1425;null;null;;False;3;998.9445
1431;null;null;;False;3;1015.342
1436;null;null;;False;3;1015.342
1440;null;null;;False;3;1017.392
1446;null;null;;False;3;1017.392
1449;null;null;;False;3;1017.392
1452;null;null;;False;3;1046.088
1459;null;null;;False;3;1046.088
1462;null;null;;False;3;1076.834
1470;null;null;;False;3;1095.281
1475;null;null;;False;3;1095.281
1477;null;null;;False;3;1097.331
1484;null;null;;False;3;1097.331
1487;null;null;;False;3;1097.331
1492;null;null;;False;3;1097.331
1497;null;null;;False;3;1103.48
1503;null;null;;False;3;1103.48
1506;null;null;;False;3;1103.48
1511;null;null;;False;3;1103.48
1516;null;null;;False;3;1103.48
1520;null;null;;False;3;1103.48
1525;null;null;;False;3;1103.48
1529;null;null;;False;3;1103.48
1534;null;null;;False;3;1103.48
1538;null;null;;False;3;1103.48
1543;null;null;;False;3;1103.48
1548;null;null;;False;3;1103.48
1551;null;null;;False;3;1103.48
1556;null;null;;False;3;1103.48
1560;null;null;;False;3;1103.48
1565;null;null;;False;3;1103.48
1569;null;null;;False;3;1103.48
1575;null;null;;False;3;1103.48
1581;null;null;;False;3;1103.48
1585;null;null;;False;3;1103.48
1589;null;null;;False;3;1103.48
1593;null;null;;False;3;1103.48
1598;null;null;;False;3;1103.48
1602;null;null;;False;3;1103.48
1606;null;null;;False;3;1103.48
1610;null;null;;False;3;1103.48
1615;null;null;;False;3;1103.48
1619;null;null;;False;3;1103.48
1624;null;null;;False;3;1103.48
1628;null;null;;False;3;1103.48
1632;null;null;;False;3;1103.48
1637;null;null;;False;3;1103.48
1642;null;null;;False;3;1103.48
1646;null;null;;False;3;1103.48
1650;null;null;;False;3;1103.48
1654;null;null;;False;3;1103.48
1662;null;null;;False;3;1103.48
1664;null;null;;False;3;1103.48
1668;null;null;;False;3;1103.48
1674;null;null;;False;3;1103.48
1678;null;null;;False;3;1103.48
1682;null;null;;False;3;1103.48
1687;null;null;;False;3;1103.48
1692;null;null;;False;3;1103.48
1696;null;null;;False;3;1103.48
1700;null;null;;False;3;1103.48
1704;null;null;;False;3;1103.48
1709;null;null;;False;3;1103.48
1714;null;null;;False;3;1103.48
1718;null;null;;False;3;1103.48
1723;null;null;;False;3;1103.48
1727;null;null;;False;3;1103.48
1740;null;null;;False;3;1103.48
1743;null;null;;False;3;1103.48
1747;null;null;;False;3;1103.48
1750;null;null;;False;3;1099.38
1755;null;null;;False;3;1099.38
1759;null;null;;False;3;1099.38
1763;null;null;;False;3;1099.38
1767;null;null;;False;3;1099.38
1771;null;null;;False;3;1099.38
1774;null;null;;False;3;1099.38
1778;null;null;;False;3;1099.38
1782;null;null;;False;3;1099.38
1785;null;null;;False;3;1099.38
1790;null;null;;False;3;1099.38
1793;null;null;;False;3;1099.38
1797;null;null;;False;3;1099.38
1801;null;null;;False;3;1099.38
1805;null;null;;False;3;1099.38
1809;null;null;;False;3;1099.38
1813;null;null;;False;3;1097.331
1820;null;null;;False;3;1097.331
1823;null;null;;False;3;1097.331
1827;null;null;;False;3;1097.331
1830;null;null;;False;3;1097.331
1834;null;null;;False;3;1097.331
1839;null;null;;False;3;1097.331
1846;null;null;;False;3;1097.331
1851;null;null;;False;3;1097.331
1854;null;null;;False;3;1097.331
1858;null;null;;False;3;1097.331
1862;null;null;;False;3;1097.331
1870;null;null;;False;3;1097.331
1872;null;null;;False;3;1097.331
1876;null;null;;False;3;1097.331
1880;null;null;;False;3;1097.331
1883;null;null;;False;3;1097.331
1887;null;null;;False;3;1097.331
1891;null;null;;False;3;1097.331
1895;null;null;;False;3;1097.331
1899;null;null;;False;3;1097.331
1902;null;null;;False;3;1097.331
1912;null;null;;False;3;1097.331
1914;null;null;;False;3;1097.331
1917;null;null;;False;3;1097.331
1922;null;null;;False;3;1097.331
1926;null;null;;False;3;1097.331
1930;null;null;;False;3;1097.331
1935;null;null;;False;3;1097.331
1940;null;null;;False;3;1097.331
1944;null;null;;False;3;1097.331
1951;null;null;;False;3;1097.331
1953;null;null;;False;3;1097.331
1960;null;null;;False;3;1093.231
1965;null;null;;False;3;1093.231
1967;null;null;;False;3;1091.182
1973;null;null;;False;3;1091.182
1977;null;null;;False;3;1089.132
1983;null;null;;False;3;1080.933
1988;null;null;;False;3;1080.933
1990;null;null;;False;3;1074.784
1996;null;null;;False;3;1074.784
1999;null;null;;False;3;1072.734
2005;null;null;;False;3;1072.734
2008;null;null;;False;3;1070.684
2014;null;null;;False;3;1070.684
2016;null;null;;False;3;1070.684
2019;null;null;;False;3;1070.684
2024;null;null;;False;3;1070.684
2027;null;null;;False;3;1070.684
2031;null;null;;False;3;1070.684
2035;null;null;;False;3;1070.684
2039;null;null;;False;3;1070.684
2043;null;null;;False;3;1070.684
2046;null;null;;False;3;1070.684
2050;null;null;;False;3;1070.684
2055;null;null;;False;3;1070.684
2062;null;null;;False;3;1070.684
2064;null;null;;False;3;1070.684
2068;null;null;;False;3;1070.684
2072;null;null;;False;3;1070.684
2076;null;null;;False;3;1070.684
2080;null;null;;False;3;1070.684
2083;null;null;;False;3;1070.684
2087;null;null;;False;3;1070.684
2092;null;null;;False;3;1070.684
2096;null;null;;False;3;1070.684
2099;null;null;;False;3;1070.684
2103;null;null;;False;3;1070.684
2108;null;null;;False;3;1070.684
2112;null;null;;False;3;1070.684
2116;null;null;;False;3;1070.684
2119;null;null;;False;3;1070.684
2124;null;null;;False;3;1070.684
2127;null;null;;False;3;1070.684
2130;null;null;;False;3;1070.684
2135;null;null;;False;3;1070.684
2139;null;null;;False;3;1070.684
2143;null;null;;False;4;1070.684
2153;null;null;;False;4;1066.585
2158;null;null;;False;4;1066.585
2161;null;null;;False;4;1066.585
2166;null;null;;False;4;1064.535
2172;null;null;;False;4;1064.535
2176;null;null;;False;4;1062.486
2182;null;null;;False;4;1062.486
2185;null;null;;False;4;1062.486
2189;null;null;;False;4;1062.486
2194;null;null;;False;4;1062.486
2198;null;null;;False;4;1062.486
2202;null;null;;False;4;1062.486
2207;null;null;;False;4;1062.486
2212;null;null;;False;4;1062.486
2216;null;null;;False;4;1062.486
2220;null;null;;False;4;1062.486
2225;null;null;;False;4;1062.486
2230;null;null;;False;4;1062.486
2233;null;null;;False;4;1062.486
2238;null;null;;False;4;1062.486
2242;null;null;;False;4;1062.486
2247;null;null;;False;4;1062.486
2252;null;null;;False;4;1062.486
2256;null;null;;False;4;1062.486
2260;null;null;;False;4;1062.486
2265;null;null;;False;4;1062.486
2269;null;null;;False;4;1062.486
2273;null;null;;False;4;1062.486
2277;null;null;;False;4;1062.486
2283;null;null;;False;4;1062.486
2287;null;null;;False;4;1062.486
2292;null;null;;False;4;1062.486
2297;null;null;;False;4;1062.486
2305;null;null;;False;4;1062.486
2316;null;null;;False;4;1062.486
2318;null;null;;False;4;1062.486
2324;null;null;;False;4;1062.486
2328;null;null;;False;4;1062.486
2333;null;null;;False;4;1062.486
2337;null;null;;False;4;1062.486
2342;null;null;;False;4;1062.486
2346;null;null;;False;4;1062.486
2350;null;null;;False;4;1062.486
2354;null;null;;False;4;1062.486
2359;null;null;;False;4;1062.486
2363;null;null;;False;4;1062.486
2368;null;null;;False;4;1062.486
2372;null;null;;False;4;1062.486
2377;null;null;;False;4;1062.486
2385;null;null;;False;4;1062.486
2387;null;null;;False;4;1062.486
2392;null;null;;False;4;1062.486
2397;null;null;;False;4;1062.486
2401;null;null;;False;4;1062.486
2406;null;null;;False;4;1062.486
2410;null;null;;False;4;1062.486
2415;null;null;;False;4;1062.486
2418;null;null;;False;4;1062.486
2424;null;null;;False;4;1062.486
2428;null;null;;False;4;1062.486
2432;null;null;;False;4;1062.486
2437;null;null;;False;4;1062.486
2442;null;null;;False;4;1062.486
2446;null;null;;False;4;1062.486
2458;null;null;;False;4;1062.486
2462;null;null;;False;4;1062.486
2465;null;null;;False;4;1062.486
2469;null;null;;False;4;1062.486
2473;null;null;;False;4;1062.486
2477;null;null;;False;4;1062.486
2481;null;null;;False;4;1062.486
2485;null;null;;False;4;1062.486
2489;null;null;;False;4;1062.486
2492;null;null;;False;4;1062.486
2496;null;null;;False;4;1062.486
2500;null;null;;False;4;1062.486
2505;null;null;;False;4;1062.486
2508;null;null;;False;4;1062.486
2517;null;null;;False;4;1062.486
2519;null;null;;False;4;1062.486
2524;null;null;;False;4;1062.486
2528;null;null;;False;4;1062.486
2532;null;null;;False;4;1062.486
2536;null;null;;False;4;1062.486
2544;null;null;;False;4;1062.486
2546;null;null;;False;4;1062.486
2550;null;null;;False;4;1062.486
2554;null;null;;False;4;1062.486
2559;null;null;;False;4;1062.486
2562;null;null;;False;4;1062.486
2566;null;null;;False;4;1062.486
2571;null;null;;False;4;1062.486
2576;null;null;;False;4;1062.486
2580;null;null;;False;4;1062.486
2583;null;null;;False;4;1062.486
2587;null;null;;False;4;1062.486
2592;null;null;;False;4;1062.486
2595;null;null;;False;4;1062.486
2599;null;null;;False;4;1062.486
2607;null;null;;False;4;1062.486
2613;null;null;;False;4;1062.486
2616;null;null;;False;5;1062.486
2627;null;null;;False;5;1060.436
2631;null;null;;False;5;1054.287
2637;null;null;;False;5;1054.287
2642;null;null;;False;5;1054.287
2645;null;null;;False;5;1054.287
2650;null;null;;False;5;1054.287
2655;null;null;;False;5;1054.287
2659;null;null;;False;5;1054.287
2663;null;null;;False;5;1054.287
2668;null;null;;False;5;1054.287
2672;null;null;;False;5;1054.287
2676;null;null;;False;5;1054.287
2681;null;null;;False;5;1054.287
2685;null;null;;False;5;1054.287
2690;null;null;;False;5;1054.287
2694;null;null;;False;5;1054.287
2698;null;null;;False;5;1054.287
2702;null;null;;False;5;1054.287
2707;null;null;;False;5;1054.287
2712;null;null;;False;5;1054.287
2724;null;null;;False;5;1054.287
2727;null;null;;False;5;1054.287
2731;null;null;;False;5;1054.287
2735;null;null;;False;5;1054.287
2740;null;null;;False;5;1054.287
2746;null;null;;False;5;1054.287
2752;null;null;;False;5;1054.287
2761;null;null;;False;5;1054.287
2767;null;null;;False;5;1054.287
2771;null;null;;False;5;1054.287
2776;null;null;;False;5;1054.287
2788;null;null;;False;5;1054.287
2794;null;null;;False;5;1054.287
2803;null;null;;False;5;1052.237
2809;null;null;;False;5;1052.237
2812;null;null;;False;5;1052.237
2816;null;null;;False;5;1050.187
2824;null;null;;False;5;1050.187
2833;null;null;;False;5;1050.187
2838;null;null;;False;5;1050.187
2842;null;null;;False;5;1050.187
2844;null;null;;False;5;1050.187
2848;null;null;;False;5;1050.187
2853;null;null;;False;5;1050.187
2857;null;null;;False;5;1050.187
2860;null;null;;False;5;1050.187
2864;null;null;;False;5;1050.187
2868;null;null;;False;5;1050.187
2873;null;null;;False;5;1050.187
2878;null;null;;False;5;1050.187
2882;null;null;;False;5;1050.187
2888;null;null;;False;5;1050.187
2892;null;null;;False;5;1050.187
2896;null;null;;False;5;1050.187
2899;null;null;;False;5;1050.187
2904;null;null;;False;5;1050.187
2911;null;null;;False;5;1050.187
2918;null;null;;False;5;1050.187
2926;null;null;;False;5;1050.187
2928;null;null;;False;5;1050.187
2932;null;null;;False;5;1050.187
2936;null;null;;False;5;1050.187
2941;null;null;;False;5;1050.187
2944;null;null;;False;5;1050.187
2948;null;null;;False;5;1050.187
2952;null;null;;False;5;1050.187
2956;null;null;;False;5;1050.187
2960;null;null;;False;5;1050.187
2964;null;null;;False;5;1050.187
2968;null;null;;False;5;1050.187
2972;null;null;;False;5;1050.187
2976;null;null;;False;5;1050.187
2980;null;null;;False;5;1050.187
2985;null;null;;False;5;1050.187
2989;null;null;;False;5;1050.187
2992;null;null;;False;5;1050.187
2996;null;null;;False;5;1050.187
3000;null;null;;False;5;1050.187
3004;null;null;;False;5;1050.187
3008;null;null;;False;5;1050.187
3012;null;null;;False;5;1050.187
3016;null;null;;False;5;1050.187
3020;null;null;;False;5;1050.187
3025;null;null;;False;6;1050.187
3035;null;null;;False;6;1050.187
3039;null;null;;False;6;1050.187
3043;null;null;;False;6;1050.187
3047;null;null;;False;6;1050.187
3051;null;null;;False;6;1050.187
3057;null;null;;False;6;1050.187
3064;null;null;;False;6;1050.187
3070;null;null;;False;6;1050.187
3075;null;null;;False;6;1050.187
3079;null;null;;False;6;1050.187
3083;null;null;;False;6;1050.187
3087;null;null;;False;6;1050.187
3095;null;null;;False;6;1050.187
3097;null;null;;False;6;1050.187
3102;null;null;;False;6;1050.187
3106;null;null;;False;6;1050.187
3110;null;null;;False;6;1050.187
3115;null;null;;False;6;1050.187
3120;null;null;;False;6;1050.187
3130;null;null;;False;6;1050.187
3133;null;null;;False;6;1050.187
3138;null;null;;False;6;1050.187
3143;null;null;;False;6;1050.187
3147;null;null;;False;6;1050.187
3152;null;null;;False;6;1050.187
3157;null;null;;False;6;1050.187
3161;null;null;;False;6;1050.187
3165;null;null;;False;6;1050.187
3178;null;null;;False;6;1050.187
3181;null;null;;False;6;1050.187
3185;null;null;;False;6;1050.187
3189;null;null;;False;6;1050.187
3194;null;null;;False;6;1050.187
3197;null;null;;False;6;1050.187
3201;null;null;;False;6;1050.187
3205;null;null;;False;6;1050.187
3209;null;null;;False;6;1050.187
3216;null;null;;False;6;1050.187
3222;null;null;;False;6;1050.187
3225;null;null;;False;6;1050.187
3228;null;null;;False;6;1050.187
3232;null;null;;False;6;1050.187
3236;null;null;;False;6;1050.187
3240;null;null;;False;6;1050.187
3244;null;null;;False;6;1050.187
3248;null;null;;False;6;1050.187
3251;null;null;;False;6;1050.187
3255;null;null;;False;6;1050.187
3259;null;null;;False;6;1050.187
3263;null;null;;False;6;1050.187
3270;null;null;;False;6;1050.187
3272;null;null;;False;6;1050.187
3276;null;null;;False;6;1050.187
3280;null;null;;False;6;1050.187
3284;null;null;;False;6;1050.187
3289;null;null;;False;6;1050.187
3292;null;null;;False;6;1050.187
3296;null;null;;False;6;1050.187
3300;null;null;;False;6;1050.187
3304;null;null;;False;6;1050.187
3308;null;null;;False;6;1050.187
3312;null;null;;False;6;1050.187
3315;null;null;;False;6;1050.187
3319;null;null;;False;6;1050.187
3323;null;null;;False;6;1050.187
3332;null;null;;False;6;1050.187
3335;null;null;;False;6;1050.187
3339;null;null;;False;6;1050.187
3344;null;null;;False;6;1050.187
3347;null;null;;False;6;1050.187
3351;null;null;;False;6;1050.187
3356;null;null;;False;6;1050.187
3360;null;null;;False;6;1050.187
3364;null;null;;False;6;1050.187
3368;null;null;;False;7;1050.187
3379;null;null;;False;7;1050.187
3382;null;null;;False;7;1050.187
3387;null;null;;False;7;1050.187
3392;null;null;;False;7;1050.187
3395;null;null;;False;7;1050.187
3399;null;null;;False;7;1050.187
3405;null;null;;False;7;1050.187
3410;null;null;;False;7;1050.187
3414;null;null;;False;7;1050.187
3418;null;null;;False;7;1050.187
3423;null;null;;False;7;1050.187
3427;null;null;;False;7;1050.187
3431;null;null;;False;7;1050.187
3437;null;null;;False;7;1050.187
3442;null;null;;False;7;1050.187
3449;null;null;;False;7;1050.187
3451;null;null;;False;7;1050.187
3457;null;null;;False;7;1050.187
3461;null;null;;False;7;1050.187
3466;null;null;;False;7;1050.187
3470;null;null;;False;7;1050.187
3475;null;null;;False;7;1050.187
3479;null;null;;False;7;1050.187
3485;null;null;;False;7;1050.187
3489;null;null;;False;7;1050.187
3493;null;null;;False;7;1050.187
3498;null;null;;False;7;1050.187
3502;null;null;;False;7;1050.187
3507;null;null;;False;7;1050.187
3512;null;null;;False;7;1050.187
3521;null;null;;False;7;1050.187
3527;null;null;;False;7;1050.187
3542;null;null;;False;7;1050.187
3546;null;null;;False;7;1050.187
3549;null;null;;False;7;1050.187
3553;null;null;;False;7;1050.187
3557;null;null;;False;7;1050.187
3561;null;null;;False;7;1050.187
3565;null;null;;False;7;1050.187
3569;null;null;;False;7;1050.187
3574;null;null;;False;7;1050.187
3579;null;null;;False;7;1050.187
3583;null;null;;False;7;1050.187
3587;null;null;;False;7;1050.187
3592;null;null;;False;7;1050.187
3599;null;null;;False;7;1050.187
3601;null;null;;False;7;1050.187
3606;null;null;;False;7;1050.187
3610;null;null;;False;7;1050.187
3614;null;null;;False;7;1050.187
3618;null;null;;False;7;1050.187
3623;null;null;;False;7;1050.187
3627;null;null;;False;7;1050.187
3631;null;null;;False;7;1050.187
3635;null;null;;False;7;1050.187
3639;null;null;;False;7;1050.187
3643;null;null;;False;7;1050.187
3647;null;null;;False;7;1050.187
3650;null;null;;False;7;1050.187
3655;null;null;;False;7;1050.187
3659;null;null;;False;7;1050.187
3663;null;null;;False;7;1050.187
3670;null;null;;False;7;1050.187
3676;null;null;;False;7;1050.187
3679;null;null;;False;7;1050.187
3682;null;null;;False;7;1050.187
3686;null;null;;False;7;1050.187
3691;null;null;;False;7;1050.187
3694;null;null;;False;7;1050.187
3698;null;null;;False;7;1050.187
3702;null;null;;False;7;1050.187
3706;null;null;;False;7;1050.187
3710;null;null;;False;7;1050.187
3714;null;null;;False;7;1050.187
3718;null;null;;False;7;1050.187
3722;null;null;;False;7;1050.187
3726;null;null;;False;7;1050.187
3730;null;null;;False;7;1050.187
3738;null;null;;False;7;1050.187
3742;null;null;;False;7;1050.187
3745;null;null;;False;7;1050.187
3749;null;null;;False;7;1050.187
3754;null;null;;False;7;1050.187
3759;null;null;;False;7;1050.187
3762;null;null;;False;7;1050.187
3766;null;null;;False;7;1050.187
3770;null;null;;False;7;1050.187
3775;null;null;;False;7;1050.187
3778;null;null;;False;7;1050.187
3782;null;null;;False;7;1050.187
3786;null;null;;False;7;1050.187
3791;null;null;;False;7;1050.187
3795;null;null;;False;7;1050.187
3799;null;null;;False;7;1050.187
3803;null;null;;False;7;1050.187
3807;null;null;;False;7;1050.187
3810;null;null;;False;7;1050.187
3814;null;null;;False;7;1050.187
3818;null;null;;False;7;1050.187
3822;null;null;;False;7;1050.187
3826;null;null;;False;7;1050.187
3830;null;null;;False;7;1050.187
3834;null;null;;False;7;1050.187
3838;null;null;;False;7;1050.187
3842;null;null;;False;7;1050.187
3846;null;null;;False;8;1050.187
3856;null;null;;False;8;1050.187
3859;null;null;;False;8;1050.187
3863;null;null;;False;8;1050.187
3867;null;null;;False;8;1050.187
3872;null;null;;False;8;1050.187
3876;null;null;;False;8;1050.187
3880;null;null;;False;8;1050.187
3885;null;null;;False;8;1050.187
3890;null;null;;False;8;1050.187
3894;null;null;;False;8;1050.187
3898;null;null;;False;8;1050.187
3902;null;null;;False;8;1050.187
3910;null;null;;False;8;1050.187
3913;null;null;;False;8;1050.187
3917;null;null;;False;8;1050.187
3921;null;null;;False;8;1050.187
3926;null;null;;False;8;1050.187
3930;null;null;;False;8;1050.187
3940;null;null;;False;8;1050.187
3943;null;null;;False;8;1050.187
3947;null;null;;False;8;1050.187
3952;null;null;;False;8;1050.187
3958;null;null;;False;8;1050.187
3962;null;null;;False;8;1050.187
3967;null;null;;False;8;1050.187
3976;null;null;;False;8;1050.187
3982;null;null;;False;8;1050.187
3986;null;null;;False;8;1050.187
3991;null;null;;False;8;1050.187
3995;null;null;;False;8;1050.187
3999;null;null;;False;8;1050.187
4004;null;null;;False;8;1050.187
4016;null;null;;False;8;1050.187
4019;null;null;;False;8;1050.187
4025;null;null;;False;8;1050.187
4028;null;null;;False;8;1050.187
4031;null;null;;False;8;1050.187
4035;null;null;;False;8;1050.187
4039;null;null;;False;8;1050.187
4044;null;null;;False;8;1050.187
4048;null;null;;False;8;1050.187
4051;null;null;;False;8;1050.187
4055;null;null;;False;8;1050.187
4059;null;null;;False;8;1050.187
4063;null;null;;False;8;1050.187
4067;null;null;;False;8;1050.187
4071;null;null;;False;8;1050.187
4078;null;null;;False;8;1050.187
4080;null;null;;False;8;1050.187
4084;null;null;;False;8;1050.187
4088;null;null;;False;8;1050.187
4092;null;null;;False;8;1050.187
4096;null;null;;False;8;1050.187
4100;null;null;;False;8;1050.187
4104;null;null;;False;8;1050.187
4108;null;null;;False;8;1050.187
4112;null;null;;False;8;1050.187
4115;null;null;;False;8;1050.187
4119;null;null;;False;8;1050.187
4127;null;null;;False;8;1050.187
4132;null;null;;False;8;1050.187
4141;null;null;;False;8;1050.187
4143;null;null;;False;8;1050.187
4147;null;null;;False;8;1050.187
4151;null;null;;False;8;1050.187
4156;null;null;;False;8;1050.187
4160;null;null;;False;8;1050.187
4164;null;null;;False;8;1050.187
4168;null;null;;False;8;1050.187
4173;null;null;;False;8;1050.187
4176;null;null;;False;9;1050.187
4186;null;null;;False;9;1050.187
4191;null;null;;False;9;1050.187
4194;null;null;;False;9;1050.187
4198;null;null;;False;9;1050.187
4203;null;null;;False;9;1050.187
4208;null;null;;False;9;1050.187
4212;null;null;;False;9;1050.187
4217;null;null;;False;9;1050.187
4221;null;null;;False;9;1050.187
4226;null;null;;False;9;1050.187
4229;null;null;;False;9;1050.187
4235;null;null;;False;9;1050.187
4239;null;null;;False;9;1050.187
4242;null;null;;False;9;1050.187
4247;null;null;;False;9;1050.187
4254;null;null;;False;9;1050.187
4257;null;null;;False;9;1050.187
4261;null;null;;False;9;1050.187
4266;null;null;;False;9;1050.187
4272;null;null;;False;9;1050.187
4279;null;null;;False;9;1050.187
4285;null;null;;False;9;1050.187
4289;null;null;;False;9;1050.187
4293;null;null;;False;9;1050.187
4297;null;null;;False;9;1050.187
4301;null;null;;False;9;1050.187
4306;null;null;;False;9;1050.187
4312;null;null;;False;9;1050.187
4316;null;null;;False;9;1050.187
4320;null;null;;False;9;1050.187
4325;null;null;;False;9;1050.187
4329;null;null;;False;9;1050.187
4333;null;null;;False;9;1050.187
4343;null;null;;False;9;1050.187
4353;null;null;;False;9;1050.187
4372;null;null;;False;9;1050.187
4376;null;null;;False;9;1050.187
4379;null;null;;False;9;1050.187
4383;null;null;;False;9;1050.187
4387;null;null;;False;9;1050.187
4393;null;null;;False;9;1050.187
4397;null;null;;False;9;1050.187
4401;null;null;;False;9;1050.187
4406;null;null;;False;9;1050.187
4410;null;null;;False;9;1050.187
4414;null;null;;False;9;1050.187
4421;null;null;;False;9;1050.187
4427;null;null;;False;9;1050.187
4433;null;null;;False;9;1050.187
4437;null;null;;False;9;1050.187
4442;null;null;;False;9;1050.187
4446;null;null;;False;9;1050.187
4449;null;null;;False;9;1050.187
4453;null;null;;False;9;1050.187
4458;null;null;;False;9;1050.187
4461;null;null;;False;9;1050.187
4465;null;null;;False;9;1050.187
4469;null;null;;False;9;1050.187
4473;null;null;;False;9;1050.187
4476;null;null;;False;9;1050.187
4480;null;null;;False;9;1050.187
4484;null;null;;False;9;1050.187
4488;null;null;;False;9;1050.187
4492;null;null;;False;9;1050.187
4496;null;null;;False;9;1050.187
4500;null;null;;False;9;1050.187
4504;null;null;;False;9;1050.187
4508;null;null;;False;9;1050.187
4512;null;null;;False;10;1050.187
4523;null;null;;False;10;1050.187
4527;null;null;;False;10;1050.187
4530;null;null;;False;10;1050.187
4534;null;null;;False;10;1050.187
4544;null;null;;False;10;1050.187
4547;null;null;;False;10;1050.187
4551;null;null;;False;10;1050.187
4557;null;null;;False;10;1050.187
4561;null;null;;False;10;1050.187
4565;null;null;;False;10;1050.187
4570;null;null;;False;10;1050.187
4577;null;null;;False;10;1050.187
4584;null;null;;False;10;1050.187
4591;null;null;;False;10;1050.187
4599;null;null;;False;10;1050.187
4601;null;null;;False;10;1050.187
4606;null;null;;False;10;1050.187
4611;null;null;;False;10;1050.187
4615;null;null;;False;10;1050.187
4619;null;null;;False;10;1050.187
4625;null;null;;False;10;1050.187
4628;null;null;;False;10;1050.187
4632;null;null;;False;10;1050.187
4638;null;null;;False;10;1050.187
4641;null;null;;False;10;1050.187
4646;null;null;;False;10;1050.187
4650;null;null;;False;10;1050.187
4655;null;null;;False;10;1050.187
4659;null;null;;False;10;1050.187
4664;null;null;;False;10;1050.187
4668;null;null;;False;10;1050.187
4673;null;null;;False;10;1050.187
4677;null;null;;False;10;1050.187
4681;null;null;;False;10;1050.187
4685;null;null;;False;10;1050.187
4690;null;null;;False;10;1050.187
4695;null;null;;False;10;1050.187
4707;null;null;;False;10;1050.187
4711;null;null;;False;10;1050.187
4714;null;null;;False;10;1050.187
4719;null;null;;False;10;1050.187
4723;null;null;;False;10;1050.187
4728;null;null;;False;10;1050.187
4734;null;null;;False;10;1050.187
4740;null;null;;False;10;1050.187
4748;null;null;;False;10;1050.187
4750;null;null;;False;10;1050.187
4754;null;null;;False;10;1050.187
4759;null;null;;False;10;1050.187
4763;null;null;;False;10;1050.187
4767;null;null;;False;10;1050.187
4774;null;null;;False;10;1050.187
4777;null;null;;False;10;1050.187
4781;null;null;;False;10;1050.187
4785;null;null;;False;10;1050.187
4789;null;null;;False;10;1050.187
4793;null;null;;False;10;1050.187
4797;null;null;;False;10;1050.187
4800;null;null;;False;10;1050.187
4804;null;null;;False;10;1050.187
4808;null;null;;False;10;1050.187
4812;null;null;;False;10;1050.187
4816;null;null;;False;10;1050.187
4820;null;null;;False;10;1050.187
4824;null;null;;False;10;1050.187
4828;null;null;;False;10;1050.187
4832;null;null;;False;10;1050.187
4836;null;null;;False;10;1050.187
4840;null;null;;False;11;1050.187
4850;null;null;;False;11;1050.187
4854;null;null;;False;11;1050.187
4860;null;null;;False;11;1050.187
4863;null;null;;False;11;1050.187
4868;null;null;;False;11;1050.187
4871;null;null;;False;11;1050.187
4876;null;null;;False;11;1050.187
4880;null;null;;False;11;1050.187
4889;null;null;;False;11;1050.187
4895;null;null;;False;11;1050.187
4898;null;null;;False;11;1050.187
4902;null;null;;False;11;1050.187
4907;null;null;;False;11;1050.187
4911;null;null;;False;11;1050.187
4915;null;null;;False;11;1050.187
4919;null;null;;False;11;1050.187
4924;null;null;;False;11;1050.187
4928;null;null;;False;11;1050.187
4932;null;null;;False;11;1050.187
4940;null;null;;False;11;1050.187
4948;null;null;;False;11;1050.187
4951;null;null;;False;11;1050.187
4956;null;null;;False;11;1050.187
4959;null;null;;False;11;1050.187
4965;null;null;;False;11;1050.187
4969;null;null;;False;11;1050.187
4974;null;null;;False;11;1050.187
4978;null;null;;False;11;1050.187
4981;null;null;;False;11;1050.187
4986;null;null;;False;11;1050.187
4992;null;null;;False;11;1050.187
4995;null;null;;False;11;1050.187
5000;null;null;;False;11;1050.187
5005;null;null;;False;11;1050.187
5010;null;null;;False;11;1050.187
5014;null;null;;False;11;1050.187
5025;null;null;;False;11;1050.187
5029;null;null;;False;11;1050.187
5033;null;null;;False;11;1050.187
5040;null;null;;False;11;1048.138
5046;null;null;;False;11;1048.138
5049;null;null;;False;11;1048.138
5053;null;null;;False;11;1048.138
5058;null;null;;False;11;1046.088
5063;null;null;;False;11;1046.088
5066;null;null;;False;11;1046.088
5069;null;null;;False;11;1046.088
5073;null;null;;False;11;1046.088
5077;null;null;;False;11;1046.088
5081;null;null;;False;11;1046.088
5084;null;null;;False;11;1046.088
5089;null;null;;False;11;1046.088
5093;null;null;;False;11;1046.088
5096;null;null;;False;11;1046.088
5103;null;null;;False;11;1046.088
5105;null;null;;False;11;1046.088
5109;null;null;;False;11;1046.088
5113;null;null;;False;11;1046.088
5117;null;null;;False;11;1046.088
5122;null;null;;False;11;1046.088
5125;null;null;;False;11;1046.088
5129;null;null;;False;11;1046.088
5133;null;null;;False;11;1046.088
5137;null;null;;False;11;1046.088
5141;null;null;;False;11;1046.088
5150;null;null;;False;11;1046.088
5153;null;null;;False;11;1046.088
5158;null;null;;False;11;1046.088
5161;null;null;;False;11;1046.088
5165;null;null;;False;11;1046.088
5168;null;null;;False;11;1046.088
5173;null;null;;False;11;1046.088
5177;null;null;;False;11;1046.088
5180;null;null;;False;11;1046.088
5184;null;null;;False;11;1046.088
5189;null;null;;False;12;1044.038
5201;null;null;;False;12;1044.038
5205;null;null;;False;12;1044.038
5210;null;null;;False;12;1044.038
5215;null;null;;False;12;1044.038
5218;null;null;;False;12;1044.038
5223;null;null;;False;12;1044.038
5228;null;null;;False;12;1044.038
5234;null;null;;False;12;1044.038
5239;null;null;;False;12;1044.038
5244;null;null;;False;12;1044.038
5247;null;null;;False;12;1044.038
5252;null;null;;False;12;1044.038
5257;null;null;;False;12;1044.038
5262;null;null;;False;12;1044.038
5266;null;null;;False;12;1044.038
5271;null;null;;False;12;1044.038
5278;null;null;;False;12;1044.038
5281;null;null;;False;12;1044.038
5285;null;null;;False;12;1044.038
5290;null;null;;False;12;1044.038
5295;null;null;;False;12;1044.038
5299;null;null;;False;12;1044.038
5304;null;null;;False;12;1044.038
5309;null;null;;False;12;1044.038
5313;null;null;;False;12;1044.038
5317;null;null;;False;12;1044.038
5322;null;null;;False;12;1044.038
5326;null;null;;False;12;1044.038
5330;null;null;;False;12;1044.038
5335;null;null;;False;12;1044.038
5340;null;null;;False;12;1044.038
5347;null;null;;False;12;1044.038
5364;null;null;;False;12;1044.038
5367;null;null;;False;12;1044.038
5374;null;null;;False;12;1044.038
5377;null;null;;False;12;1044.038
5380;null;null;;False;12;1044.038
5384;null;null;;False;12;1044.038
5388;null;null;;False;12;1044.038
5392;null;null;;False;12;1044.038
5396;null;null;;False;12;1044.038
5400;null;null;;False;12;1044.038
5404;null;null;;False;12;1044.038
5409;null;null;;False;12;1044.038
5412;null;null;;False;12;1044.038
5417;null;null;;False;12;1044.038
5421;null;null;;False;12;1044.038
5425;null;null;;False;12;1044.038
5428;null;null;;False;12;1044.038
5432;null;null;;False;12;1044.038
5436;null;null;;False;12;1044.038
5440;null;null;;False;12;1044.038
5448;null;null;;False;12;1044.038
5450;null;null;;False;12;1044.038
5454;null;null;;False;12;1044.038
5458;null;null;;False;12;1044.038
5462;null;null;;False;12;1044.038
5466;null;null;;False;12;1044.038
5470;null;null;;False;12;1044.038
5474;null;null;;False;12;1044.038
5478;null;null;;False;12;1044.038
5482;null;null;;False;12;1044.038
5486;null;null;;False;12;1044.038
5491;null;null;;False;12;1044.038
5498;null;null;;False;12;1044.038
5503;null;null;;False;12;1039.939
5509;null;null;;False;12;1039.939
5512;null;null;;False;12;1039.939
5515;null;null;;False;12;1039.939
5519;null;null;;False;13;1039.939
5530;null;null;;False;13;1039.939
5535;null;null;;False;13;1039.939
5540;null;null;;False;13;1039.939
5544;null;null;;False;13;1039.939
5548;null;null;;False;13;1039.939
5557;null;null;;False;13;1039.939
5561;null;null;;False;13;1039.939
5565;null;null;;False;13;1039.939
5569;null;null;;False;13;1039.939
5575;null;null;;False;13;1039.939
5579;null;null;;False;13;1039.939
5584;null;null;;False;13;1039.939
5588;null;null;;False;13;1039.939
5594;null;null;;False;13;1039.939
5598;null;null;;False;13;1039.939
5608;null;null;;False;13;1039.939
5610;null;null;;False;13;1039.939
5615;null;null;;False;13;1039.939
5619;null;null;;False;13;1039.939
5624;null;null;;False;13;1039.939
5629;null;null;;False;13;1039.939
5633;null;null;;False;13;1039.939
5638;null;null;;False;13;1039.939
5642;null;null;;False;13;1039.939
5650;null;null;;False;13;1039.939
5657;null;null;;False;13;1039.939
5661;null;null;;False;13;1039.939
5665;null;null;;False;13;1039.939
5670;null;null;;False;13;1039.939
5675;null;null;;False;13;1039.939
5679;null;null;;False;13;1039.939
5683;null;null;;False;13;1039.939
5687;null;null;;False;13;1039.939
5702;null;null;;False;13;1039.939
5710;null;null;;False;13;1039.939
5714;null;null;;False;13;1039.939
5725;null;null;;False;13;1039.939
5727;null;null;;False;13;1039.939
5731;null;null;;False;13;1039.939
5735;null;null;;False;13;1039.939
5739;null;null;;False;13;1039.939
5742;null;null;;False;13;1039.939
5746;null;null;;False;13;1039.939
5750;null;null;;False;13;1039.939
5760;null;null;;False;13;1039.939
5765;null;null;;False;13;1039.939
5767;null;null;;False;13;1039.939
5771;null;null;;False;13;1039.939
5777;null;null;;False;13;1039.939
5781;null;null;;False;13;1039.939
5784;null;null;;False;13;1039.939
5788;null;null;;False;13;1039.939
5793;null;null;;False;13;1039.939
5800;null;null;;False;13;1039.939
5806;null;null;;False;13;1039.939
5810;null;null;;False;13;1039.939
5814;null;null;;False;13;1039.939
5818;null;null;;False;13;1039.939
5821;null;null;;False;13;1039.939
5826;null;null;;False;13;1039.939
5829;null;null;;False;13;1039.939
5833;null;null;;False;13;1039.939
5837;null;null;;False;13;1039.939
5841;null;null;;False;13;1039.939
5845;null;null;;False;13;1039.939
5849;null;null;;False;13;1039.939
5852;null;null;;False;13;1039.939
5857;null;null;;False;13;1039.939
5860;null;null;;False;13;1039.939
5864;null;null;;False;14;1039.939
5876;null;null;;False;14;1039.939
5879;null;null;;False;14;1039.939
5884;null;null;;False;14;1039.939
5888;null;null;;False;14;1039.939
5893;null;null;;False;14;1039.939
5897;null;null;;False;14;1039.939
5902;null;null;;False;14;1039.939
5909;null;null;;False;14;1039.939
5913;null;null;;False;14;1039.939
5919;null;null;;False;14;1039.939
5925;null;null;;False;14;1039.939
5929;null;null;;False;14;1039.939
5934;null;null;;False;14;1039.939
5941;null;null;;False;14;1039.939
5945;null;null;;False;14;1039.939
5952;null;null;;False;14;1039.939
5963;null;null;;False;14;1039.939
5966;null;null;;False;14;1039.939
5970;null;null;;False;14;1039.939
5976;null;null;;False;14;1039.939
5980;null;null;;False;14;1039.939
5985;null;null;;False;14;1039.939
5989;null;null;;False;14;1039.939
5994;null;null;;False;14;1039.939
5998;null;null;;False;14;1039.939
6002;null;null;;False;14;1039.939
6008;null;null;;False;14;1039.939
6013;null;null;;False;14;1039.939
6018;null;null;;False;14;1039.939
6024;null;null;;False;14;1039.939
6035;null;null;;False;14;1039.939
6040;null;null;;False;14;1039.939
6043;null;null;;False;14;1039.939
6047;null;null;;False;14;1039.939
6051;null;null;;False;14;1039.939
6057;null;null;;False;14;1039.939
6061;null;null;;False;14;1039.939
6065;null;null;;False;14;1039.939
6067;null;null;;False;14;1039.939
6071;null;null;;False;14;1039.939
6075;null;null;;False;14;1039.939
6079;null;null;;False;14;1039.939
6083;null;null;;False;14;1039.939
6087;null;null;;False;14;1039.939
6091;null;null;;False;14;1039.939
6095;null;null;;False;14;1039.939
6102;null;null;;False;14;1039.939
6109;null;null;;False;14;1039.939
6112;null;null;;False;14;1039.939
6116;null;null;;False;14;1039.939
6120;null;null;;False;14;1039.939
6124;null;null;;False;14;1039.939
6128;null;null;;False;14;1039.939
6131;null;null;;False;14;1039.939
6136;null;null;;False;14;1039.939
6140;null;null;;False;14;1039.939
6144;null;null;;False;14;1039.939
6147;null;null;;False;14;1039.939
6151;null;null;;False;14;1039.939
6156;null;null;;False;14;1039.939
6165;null;null;;False;14;1039.939
6167;null;null;;False;14;1039.939
6171;null;null;;False;14;1039.939
6175;null;null;;False;14;1039.939
6179;null;null;;False;14;1039.939
6183;null;null;;False;14;1039.939
6187;null;null;;False;14;1039.939
6191;null;null;;False;15;1039.939
6202;null;null;;False;15;1039.939
6206;null;null;;False;15;1039.939
6212;null;null;;False;15;1039.939
6216;null;null;;False;15;1039.939
6220;null;null;;False;15;1039.939
6225;null;null;;False;15;1039.939
6229;null;null;;False;15;1039.939
6233;null;null;;False;15;1039.939
6238;null;null;;False;15;1039.939
6242;null;null;;False;15;1039.939
6247;null;null;;False;15;1039.939
6256;null;null;;False;15;1039.939
6262;null;null;;False;15;1039.939
6265;null;null;;False;15;1039.939
6270;null;null;;False;15;1039.939
6279;null;null;;False;15;1039.939
6281;null;null;;False;15;1039.939
6286;null;null;;False;15;1039.939
6291;null;null;;False;15;1039.939
6295;null;null;;False;15;1039.939
6300;null;null;;False;15;1039.939
6304;null;null;;False;15;1039.939
6309;null;null;;False;15;1039.939
6314;null;null;;False;15;1039.939
6318;null;null;;False;15;1039.939
6323;null;null;;False;15;1039.939
6327;null;null;;False;15;1039.939
6332;null;null;;False;15;1039.939
6336;null;null;;False;15;1039.939
6340;null;null;;False;15;1039.939
6345;null;null;;False;15;1039.939
6349;null;null;;False;15;1039.939
6355;null;null;;False;15;1039.939
6360;null;null;;False;15;1039.939
6369;null;null;;False;15;1039.939
6380;null;null;;False;15;1039.939
6383;null;null;;False;15;1039.939
6386;null;null;;False;15;1039.939
6392;null;null;;False;15;1039.939
6396;null;null;;False;15;1039.939
6400;null;null;;False;15;1039.939
6407;null;null;;False;15;1039.939
6413;null;null;;False;15;1039.939
6416;null;null;;False;15;1039.939
6419;null;null;;False;15;1039.939
6424;null;null;;False;15;1039.939
6427;null;null;;False;15;1039.939
6431;null;null;;False;15;1039.939
6435;null;null;;False;15;1039.939
6439;null;null;;False;15;1039.939
6446;null;null;;False;15;1039.939
6449;null;null;;False;15;1039.939
6453;null;null;;False;15;1039.939
6457;null;null;;False;15;1039.939
6461;null;null;;False;15;1039.939
6465;null;null;;False;15;1039.939
6469;null;null;;False;15;1039.939
6474;null;null;;False;15;1039.939
6477;null;null;;False;15;1039.939
6481;null;null;;False;15;1039.939
6484;null;null;;False;15;1039.939
6488;null;null;;False;15;1039.939
6492;null;null;;False;15;1039.939
6496;null;null;;False;15;1039.939
6500;null;null;;False;15;1039.939
6505;null;null;;False;15;1039.939
6508;null;null;;False;15;1039.939
6512;null;null;;False;15;1039.939
6516;null;null;;False;15;1039.939
6520;null;null;;False;15;1039.939
6524;null;null;;False;15;1039.939
6528;null;null;;False;15;1039.939
6532;null;null;;False;15;1039.939
6535;null;null;;False;16;1039.939
6546;null;null;;False;16;1039.939
6550;null;null;;False;16;1039.939
6559;null;null;;False;16;1039.939
6565;null;null;;False;16;1039.939
6574;null;null;;False;16;1039.939
6577;null;null;;False;16;1039.939
6582;null;null;;False;16;1039.939
6586;null;null;;False;16;1039.939
6591;null;null;;False;16;1039.939
6595;null;null;;False;16;1039.939
6600;null;null;;False;16;1039.939
6604;null;null;;False;16;1039.939
6608;null;null;;False;16;1039.939
6612;null;null;;False;16;1039.939
6622;null;null;;False;16;1039.939
6624;null;null;;False;16;1039.939
6628;null;null;;False;16;1039.939
6632;null;null;;False;16;1039.939
6637;null;null;;False;16;1039.939
6642;null;null;;False;16;1039.939
6646;null;null;;False;16;1039.939
6650;null;null;;False;16;1039.939
6655;null;null;;False;16;1039.939
6659;null;null;;False;16;1039.939
6663;null;null;;False;16;1039.939
6667;null;null;;False;16;1039.939
6672;null;null;;False;16;1039.939
6677;null;null;;False;16;1039.939
6681;null;null;;False;16;1039.939
6685;null;null;;False;16;1039.939
6690;null;null;;False;16;1039.939
6694;null;null;;False;16;1039.939
6706;null;null;;False;16;1039.939
6710;null;null;;False;16;1039.939
6714;null;null;;False;16;1039.939
6717;null;null;;False;16;1039.939
6722;null;null;;False;16;1039.939
6726;null;null;;False;16;1039.939
6729;null;null;;False;16;1039.939
6733;null;null;;False;16;1039.939
6737;null;null;;False;16;1039.939
6741;null;null;;False;16;1039.939
6745;null;null;;False;16;1039.939
6750;null;null;;False;16;1039.939
6755;null;null;;False;16;1039.939
6758;null;null;;False;16;1039.939
6762;null;null;;False;16;1039.939
6765;null;null;;False;16;1039.939
6775;null;null;;False;16;1039.939
6777;null;null;;False;16;1039.939
6781;null;null;;False;16;1039.939
6785;null;null;;False;16;1039.939
6790;null;null;;False;16;1039.939
6797;null;null;;False;16;1039.939
6799;null;null;;False;16;1039.939
6802;null;null;;False;16;1039.939
6807;null;null;;False;16;1039.939
6811;null;null;;False;16;1039.939
6815;null;null;;False;16;1039.939
6820;null;null;;False;16;1039.939
6825;null;null;;False;16;1039.939
6829;null;null;;False;16;1039.939
6834;null;null;;False;16;1039.939
6838;null;null;;False;16;1039.939
6844;null;null;;False;16;1039.939
6847;null;null;;False;16;1039.939
6851;null;null;;False;16;1039.939
6857;null;null;;False;16;1039.939
6863;null;null;;False;16;1039.939
6869;null;null;;False;16;1039.939
6873;null;null;;False;16;1039.939
6877;null;null;;False;16;1039.939
6881;null;null;;False;17;1039.939
6892;null;null;;False;17;1039.939
6895;null;null;;False;17;1039.939
6899;null;null;;False;17;1039.939
6904;null;null;;False;17;1039.939
6909;null;null;;False;17;1039.939
6913;null;null;;False;17;1039.939
6917;null;null;;False;17;1039.939
6922;null;null;;False;17;1039.939
6926;null;null;;False;17;1039.939
6930;null;null;;False;17;1039.939
6935;null;null;;False;17;1039.939
6939;null;null;;False;17;1039.939
6944;null;null;;False;17;1039.939
6952;null;null;;False;17;1039.939
6954;null;null;;False;17;1039.939
6959;null;null;;False;17;1039.939
6963;null;null;;False;17;1039.939
6968;null;null;;False;17;1039.939
6977;null;null;;False;17;1039.939
6980;null;null;;False;17;1039.939
6985;null;null;;False;17;1039.939
6989;null;null;;False;17;1039.939
6994;null;null;;False;17;1039.939
6998;null;null;;False;17;1039.939
7002;null;null;;False;17;1039.939
7008;null;null;;False;17;1039.939
7017;null;null;;False;17;1039.939
7024;null;null;;False;17;1039.939
7035;null;null;;False;17;1039.939
7039;null;null;;False;17;1039.939
7042;null;null;;False;17;1039.939
7046;null;null;;False;17;1039.939
7050;null;null;;False;17;1039.939
7054;null;null;;False;17;1039.939
7058;null;null;;False;17;1039.939
7061;null;null;;False;17;1039.939
7065;null;null;;False;17;1039.939
7068;null;null;;False;17;1039.939
7073;null;null;;False;17;1039.939
7077;null;null;;False;17;1039.939
7080;null;null;;False;17;1039.939
7084;null;null;;False;17;1039.939
7088;null;null;;False;17;1039.939
7095;null;null;;False;17;1039.939
7103;null;null;;False;17;1039.939
7109;null;null;;False;17;1039.939
7119;null;null;;False;17;1039.939
7125;null;null;;False;17;1039.939
7127;null;null;;False;17;1039.939
7131;null;null;;False;17;1039.939
7134;null;null;;False;17;1039.939
7139;null;null;;False;17;1039.939
7142;null;null;;False;17;1039.939
7146;null;null;;False;17;1039.939
7150;null;null;;False;17;1039.939
7154;null;null;;False;17;1039.939
7159;null;null;;False;17;1039.939
7166;null;null;;False;17;1039.939
7172;null;null;;False;17;1039.939
7179;null;null;;False;17;1039.939
7181;null;null;;False;17;1039.939
7185;null;null;;False;17;1039.939
7190;null;null;;False;17;1039.939
7194;null;null;;False;17;1039.939
7198;null;null;;False;18;1039.939
7209;null;null;;False;18;1039.939
7213;null;null;;False;18;1039.939
7217;null;null;;False;18;1039.939
7223;null;null;;False;18;1039.939
7227;null;null;;False;18;1039.939
7231;null;null;;False;18;1039.939
7236;null;null;;False;18;1039.939
7241;null;null;;False;18;1039.939
7245;null;null;;False;18;1039.939
7249;null;null;;False;18;1039.939
7253;null;null;;False;18;1039.939
7258;null;null;;False;18;1039.939
7262;null;null;;False;18;1039.939
7267;null;null;;False;18;1039.939
7271;null;null;;False;18;1039.939
7276;null;null;;False;18;1039.939
7281;null;null;;False;18;1039.939
7286;null;null;;False;18;1039.939
7291;null;null;;False;18;1039.939
7295;null;null;;False;18;1039.939
7299;null;null;;False;18;1039.939
7303;null;null;;False;18;1039.939
7308;null;null;;False;18;1039.939
7313;null;null;;False;18;1039.939
7321;null;null;;False;18;1039.939
7327;null;null;;False;18;1039.939
7331;null;null;;False;18;1039.939
7335;null;null;;False;18;1039.939
7340;null;null;;False;18;1039.939
7344;null;null;;False;18;1039.939
7348;null;null;;False;18;1039.939
7352;null;null;;False;18;1039.939
7357;null;null;;False;18;1039.939
7361;null;null;;False;18;1039.939
7366;null;null;;False;18;1039.939
7370;null;null;;False;18;1039.939
7375;null;null;;False;18;1039.939
7384;null;null;;False;18;1039.939
7387;null;null;;False;18;1039.939
7392;null;null;;False;18;1039.939
7396;null;null;;False;18;1039.939
7400;null;null;;False;18;1039.939
7405;null;null;;False;18;1039.939
7410;null;null;;False;18;1039.939
7415;null;null;;False;18;1039.939
7419;null;null;;False;18;1039.939
7425;null;null;;False;18;1039.939
7429;null;null;;False;18;1039.939
7434;null;null;;False;18;1039.939
7438;null;null;;False;18;1039.939
7442;null;null;;False;18;1039.939
7447;null;null;;False;18;1039.939
7451;null;null;;False;18;1039.939
7456;null;null;;False;18;1039.939
7460;null;null;;False;18;1039.939
7464;null;null;;False;18;1039.939
7468;null;null;;False;18;1039.939
7472;null;null;;False;18;1039.939
7477;null;null;;False;18;1039.939
7481;null;null;;False;18;1039.939
7485;null;null;;False;18;1039.939
7490;null;null;;False;18;1039.939
7495;null;null;;False;18;1039.939
7499;null;null;;False;18;1039.939
7503;null;null;;False;18;1039.939
7507;null;null;;False;18;1039.939
7512;null;null;;False;18;1039.939
7516;null;null;;False;18;1039.939
7520;null;null;;False;18;1039.939
7525;null;null;;False;18;1039.939
7530;null;null;;False;18;1041.989
7535;null;null;;False;18;1046.088
7542;null;null;;False;18;1046.088
7544;null;null;;False;18;1082.983
7551;null;null;;False;18;1134.226
7556;null;null;;False;18;1134.226
7560;null;null;;False;18;1236.711
7565;null;null;;False;18;1236.711
7569;null;null;;False;18;1306.401
7576;null;null;;False;18;1363.793
7580;null;null;;False;18;1363.793
7583;null;null;;False;18;1365.843
7590;null;null;;False;18;1365.843
7593;null;null;;False;18;1365.843
7598;null;null;;False;18;1376.092
7605;null;null;;False;18;1376.092
7608;null;null;;False;18;1378.141
7614;null;null;;False;18;1386.34
7621;null;null;;False;18;1386.34
7624;null;null;;False;18;1402.738
7631;null;null;;False;18;1406.837
7638;null;null;;False;18;1406.837
7641;null;null;;False;18;1410.937
7648;null;null;;False;18;1410.937
7653;null;null;;False;18;1410.937
7658;null;null;;False;18;1412.987
7664;null;null;;False;18;1412.987
7670;null;null;;False;18;1419.136
7674;null;null;;False;18;1419.136
7680;null;null;;False;18;1419.136
7683;null;null;;False;18;1419.136
7688;null;null;;False;18;1419.136
7692;null;null;;False;18;1419.136
7696;null;null;;False;18;1419.136
7701;null;null;;False;18;1419.136
7705;null;null;;False;18;1419.136
7709;null;null;;False;18;1419.136
7714;null;null;;False;18;1419.136
7718;null;null;;False;18;1419.136
7723;null;null;;False;18;1419.136
7727;null;null;;False;18;1419.136
7732;null;null;;False;18;1419.136
7735;null;null;;False;18;1419.136
7740;null;null;;False;18;1419.136
7745;null;null;;False;18;1419.136
7749;null;null;;False;18;1419.136
7754;null;null;;False;18;1419.136
7759;null;null;;False;18;1419.136
7763;null;null;;False;18;1419.136
7768;null;null;;False;18;1419.136
7772;null;null;;False;18;1419.136
7777;null;null;;False;18;1419.136
7781;null;null;;False;18;1423.235
7788;null;null;;False;18;1423.235
7791;null;null;;False;18;1431.434
7797;null;null;;False;18;1431.434
7800;null;null;;False;18;1437.583
7807;null;null;;False;18;1437.583
7810;null;null;;False;18;1437.583
7815;null;null;;False;18;1437.583
7818;null;null;;False;18;1437.583
7823;null;null;;False;18;1437.583
7827;null;null;;False;18;1437.583
7831;null;null;;False;18;1437.583
7836;null;null;;False;18;1437.583
7841;null;null;;False;18;1437.583
7844;null;null;;False;18;1437.583
7848;null;null;;False;18;1437.583
7853;null;null;;False;18;1437.583
7858;null;null;;False;18;1437.583
7862;null;null;;False;18;1437.583
7866;null;null;;False;18;1437.583
7871;null;null;;False;18;1437.583
7878;null;null;;False;18;1437.583
7881;null;null;;False;18;1433.484
7888;null;null;;False;18;1433.484
7892;null;null;;False;18;1433.484
7896;null;null;;False;18;1431.434
7903;null;null;;False;18;1419.136
7908;null;null;;False;18;1419.136
7911;null;null;;False;18;1412.987
7918;null;null;;False;18;1412.987
7920;null;null;;False;18;1406.837
7928;null;null;;False;18;1400.688
7933;null;null;;False;18;1400.688
7936;null;null;;False;18;1398.639
7943;null;null;;False;18;1382.241
7949;null;null;;False;18;1382.241
7951;null;null;;False;18;1371.992
7958;null;null;;False;18;1365.843
7964;null;null;;False;18;1365.843
7967;null;null;;False;18;1357.644
7973;null;null;;False;18;1357.644
7976;null;null;;False;18;1355.595
7982;null;null;;False;18;1355.595
7985;null;null;;False;18;1355.595
7990;null;null;;False;18;1351.495
7997;null;null;;False;18;1351.495
8000;null;null;;False;18;1345.346
8006;null;null;;False;18;1345.346
8012;null;null;;False;18;1345.346
8015;null;null;;False;18;1343.296
8022;null;null;;False;18;1343.296
8025;null;null;;False;18;1343.296
8029;null;null;;False;18;1341.247
8035;null;null;;False;18;1341.247
8039;null;null;;False;18;1339.197
8045;null;null;;False;18;1339.197
8048;null;null;;False;18;1339.197
8053;null;null;;False;18;1339.197
8058;null;null;;False;18;1339.197
8061;null;null;;False;18;1326.899
8067;null;null;;False;18;1326.899
8070;null;null;;False;18;1318.7
8078;null;null;;False;18;1312.551
8081;null;null;;False;18;1312.551
8089;null;null;;False;18;1312.551
8091;null;null;;False;18;1312.551
8096;null;null;;False;18;1310.501
8103;null;null;;False;18;1310.501
8106;null;null;;False;18;1310.501
8110;null;null;;False;18;1310.501
8114;null;null;;False;18;1310.501
8118;null;null;;False;18;1310.501
8123;null;null;;False;18;1310.501
8127;null;null;;False;18;1310.501
8131;null;null;;False;18;1310.501
8135;null;null;;False;18;1310.501
8140;null;null;;False;18;1310.501
8144;null;null;;False;18;1310.501
8148;null;null;;False;18;1310.501
8153;null;null;;False;18;1310.501
8157;null;null;;False;18;1310.501
8162;null;null;;False;18;1310.501
8166;null;null;;False;18;1306.401
8172;null;null;;False;18;1306.401
8176;null;null;;False;18;1306.401
8180;null;null;;False;18;1306.401
8184;null;null;;False;18;1306.401
8188;null;null;;False;18;1306.401
8193;null;null;;False;18;1302.302
8200;null;null;;False;18;1302.302
8203;null;null;;False;18;1302.302
8208;null;null;;False;18;1302.302
8214;null;null;;False;18;1296.153
8219;null;null;;False;18;1296.153
8222;null;null;;False;18;1285.904
8230;null;null;;False;18;1285.904
8233;null;null;;False;18;1273.606
8239;null;null;;False;18;1257.208
8245;null;null;;False;18;1257.208
8248;null;null;;False;18;1244.91
8255;null;null;;False;18;1226.463
8260;null;null;;False;18;1226.463
8263;null;null;;False;18;1205.966
8270;null;null;;False;18;1205.966
8274;null;null;;False;18;1181.369
8280;null;null;;False;18;1156.772
8284;null;null;;False;18;1156.772
8287;null;null;;False;18;1136.275
8295;null;null;;False;18;1115.778
8300;null;null;;False;18;1115.778
8302;null;null;;False;18;1097.331
8310;null;null;;False;18;1097.331
8314;null;null;;False;18;1085.032
8319;null;null;;False;18;1076.834
8325;null;null;;False;18;1076.834
8329;null;null;;False;18;1066.585
8335;null;null;;False;18;1064.535
8339;null;null;;False;18;1064.535
8343;null;null;;False;18;1062.486
8349;null;null;;False;18;1062.486
8353;null;null;;False;18;1062.486
8358;null;null;;False;18;1062.486
8362;null;null;;False;18;1062.486
8366;null;null;;False;18;1062.486
8371;null;null;;False;18;1062.486
8375;null;null;;False;18;1062.486
8380;null;null;;False;18;1062.486
8384;null;null;;False;18;1062.486
8388;null;null;;False;18;1062.486
8393;null;null;;False;18;1062.486
8397;null;null;;False;18;1062.486
8401;null;null;;False;18;1062.486
8406;null;null;;False;18;1062.486
8410;null;null;;False;18;1062.486
8415;null;null;;False;18;1062.486
8419;null;null;;False;18;1062.486
8424;null;null;;False;18;1062.486
8428;null;null;;False;18;1062.486
8433;null;null;;False;18;1062.486
8441;null;null;;False;18;1062.486
8444;null;null;;False;18;1062.486
8448;null;null;;False;18;1062.486
8453;null;null;;False;18;1062.486
8458;null;null;;False;18;1062.486
8463;null;null;;False;18;1062.486
8468;null;null;;False;18;1062.486
8474;null;null;;False;18;1062.486
8479;null;null;;False;18;1062.486
8484;null;null;;False;18;1062.486
8489;null;null;;False;18;1062.486
8494;null;null;;False;18;1062.486
8498;null;null;;False;18;1062.486
8504;null;null;;False;18;1062.486
8508;null;null;;False;18;1062.486
8511;null;null;;False;18;1062.486
8516;null;null;;False;18;1062.486
8520;null;null;;False;18;1062.486
8526;null;null;;False;18;1062.486
8531;null;null;;False;18;1062.486
8535;null;null;;False;18;1062.486
8540;null;null;;False;18;1062.486
8543;null;null;;False;18;1062.486
8555;null;null;;False;18;1062.486
8558;null;null;;False;18;1062.486
8562;null;null;;False;18;1062.486
8565;null;null;;False;18;1062.486
8569;null;null;;False;18;1062.486
8574;null;null;;False;18;1062.486
8578;null;null;;False;18;1062.486
8581;null;null;;False;18;1062.486
8586;null;null;;False;18;1062.486
8590;null;null;;False;18;1062.486
8599;null;null;;False;18;1062.486
8600;null;null;;False;18;1062.486
8606;null;null;;False;18;1062.486
8609;null;null;;False;18;1062.486
8614;null;null;;False;18;1062.486
8617;null;null;;False;18;1062.486
8621;null;null;;False;18;1062.486
8626;null;null;;False;18;1062.486
8629;null;null;;False;18;1062.486
8634;null;null;;False;18;1062.486
8638;null;null;;False;18;1062.486
8643;null;null;;False;18;1062.486
8646;null;null;;False;18;1062.486
8651;null;null;;False;18;1062.486
8655;null;null;;False;18;1062.486
8659;null;null;;False;18;1062.486
8663;null;null;;False;18;1062.486
8667;null;null;;False;18;1062.486
8670;null;null;;False;18;1062.486
8675;null;null;;False;18;1062.486
8679;null;null;;False;18;1062.486
8686;null;null;;False;18;1062.486
8691;null;null;;False;18;1062.486
8694;null;null;;False;18;1062.486
8698;null;null;;False;18;1062.486
8702;null;null;;False;18;1062.486
8706;null;null;;False;18;1062.486
8710;null;null;;False;18;1062.486
8714;null;null;;False;18;1062.486
8717;null;null;;False;18;1062.486
8721;null;null;;False;18;1062.486
8725;null;null;;False;18;1062.486
8729;null;null;;False;18;1062.486
8733;null;null;;False;18;1062.486
8736;null;null;;False;18;1062.486
8740;null;null;;False;18;1062.486
8744;null;null;;False;18;1062.486
8748;null;null;;False;18;1062.486
8752;null;null;;False;18;1062.486
8756;null;null;;False;18;1062.486
8760;null;null;;False;18;1062.486
8764;null;null;;False;18;1062.486
8767;null;null;;False;18;1062.486
8774;null;null;;False;18;1062.486
8781;null;null;;False;18;1062.486
8787;null;null;;False;18;1062.486
8795;null;null;;False;18;1062.486
8797;null;null;;False;18;1062.486
8801;null;null;;False;18;1062.486
8806;null;null;;False;18;1062.486
8809;null;null;;False;18;1062.486
8813;null;null;;False;18;1062.486
8817;null;null;;False;18;1062.486
8821;null;null;;False;18;1062.486
8825;null;null;;False;18;1062.486
8828;null;null;;False;18;1062.486
8832;null;null;;False;18;1062.486
8836;null;null;;False;18;1062.486
8840;null;null;;False;18;1062.486
8845;null;null;;False;18;1062.486
8848;null;null;;False;18;1062.486
8852;null;null;;False;18;1062.486
8856;null;null;;False;18;1062.486
8860;null;null;;False;18;1062.486
8864;null;null;;False;18;1062.486
8868;null;null;;False;18;1062.486
8871;null;null;;False;18;1062.486
8875;null;null;;False;18;1062.486
8879;null;null;;False;18;1062.486
8883;null;null;;False;18;1062.486
8887;null;null;;False;18;1062.486
8891;null;null;;False;18;1062.486
8894;null;null;;False;18;1062.486
8898;null;null;;False;18;1062.486
8902;null;null;;False;18;1062.486
8906;null;null;;False;18;1062.486
8910;null;null;;False;18;1062.486
8915;null;null;;False;18;1062.486
8918;null;null;;False;18;1062.486
8922;null;null;;False;18;1062.486
8926;null;null;;False;18;1062.486
8930;null;null;;False;18;1062.486
8934;null;null;;False;18;1062.486
8938;null;null;;False;18;1062.486
8942;null;null;;False;18;1062.486
8946;null;null;;False;18;1062.486
8951;null;null;;False;18;1062.486
8955;null;null;;False;18;1062.486
8959;null;null;;False;18;1062.486
8964;null;null;;False;18;1062.486
8968;null;null;;False;18;1062.486
8971;null;null;;False;18;1062.486
8976;null;null;;False;18;1062.486
8979;null;null;;False;18;1062.486
8983;null;null;;False;18;1062.486
8986;null;null;;False;18;1062.486
8990;null;null;;False;18;1062.486
8994;null;null;;False;18;1062.486
8998;null;null;;False;18;1062.486
9002;null;null;;False;18;1062.486
9007;null;null;;False;18;1062.486
9010;null;null;;False;18;1062.486
9014;null;null;;False;18;1062.486
9018;null;null;;False;18;1062.486
9022;null;null;;False;18;1062.486
9025;null;null;;False;18;1062.486
9029;null;null;;False;18;1062.486
9033;null;null;;False;18;1062.486
9036;null;null;;False;18;1062.486
9041;null;null;;False;18;1062.486
9045;null;null;;False;18;1062.486
9049;null;null;;False;18;1062.486
9052;null;null;;False;18;1062.486
9057;null;null;;False;18;1062.486
9060;null;null;;False;18;1062.486
9064;null;null;;False;18;1062.486
9068;null;null;;False;18;1062.486
9072;null;null;;False;18;1062.486
9076;null;null;;False;18;1062.486
9079;null;null;;False;18;1062.486
9083;null;null;;False;18;1062.486
9087;null;null;;False;18;1062.486
9091;null;null;;False;18;1062.486
9095;null;null;;False;18;1062.486
9098;null;null;;False;18;1062.486
9102;null;null;;False;18;1062.486
9106;null;null;;False;18;1062.486
9110;null;null;;False;18;1062.486
9114;null;null;;False;18;1062.486
9117;null;null;;False;18;1062.486
9121;null;null;;False;18;1062.486
9125;null;null;;False;18;1062.486
9129;null;null;;False;18;1062.486
9133;null;null;;False;18;1062.486
9137;null;null;;False;18;1062.486
9141;null;null;;False;18;1062.486
9145;null;null;;False;18;1062.486
9148;null;null;;False;18;1062.486
9152;null;null;;False;18;1062.486
9156;null;null;;False;18;1062.486
9160;null;null;;False;18;1062.486
9164;null;null;;False;18;1062.486
9168;null;null;;False;18;1062.486
9172;null;null;;False;18;1062.486
9176;null;null;;False;18;1062.486
9179;null;null;;False;18;1062.486
9182;null;null;;False;18;1062.486
9187;null;null;;False;18;1062.486
9190;null;null;;False;18;1062.486
9194;null;null;;False;18;1062.486
9198;null;null;;False;18;1062.486
9202;null;null;;False;18;1062.486
9206;null;null;;False;18;1062.486
9210;null;null;;False;18;1062.486
9214;null;null;;False;18;1062.486
9218;null;null;;False;18;1062.486
9222;null;null;;False;18;1062.486
9226;null;null;;False;18;1062.486
9230;null;null;;False;18;1062.486
9234;null;null;;False;18;1062.486
9238;null;null;;False;18;1062.486
9242;null;null;;False;18;1062.486
9245;null;null;;False;18;1062.486
9249;null;null;;False;18;1062.486
9253;null;null;;False;18;1062.486
9258;null;null;;False;18;1062.486
9263;null;null;;False;18;1062.486
9267;null;null;;False;18;1062.486
9271;null;null;;False;18;1062.486
9275;null;null;;False;18;1062.486
9279;null;null;;False;18;1062.486
9284;null;null;;False;18;1062.486
9287;null;null;;False;18;1062.486
9291;null;null;;False;18;1062.486
9296;null;null;;False;18;1062.486
9299;null;null;;False;18;1062.486
9305;null;null;;False;18;1062.486
9309;null;null;;False;18;1062.486
9313;null;null;;False;18;1062.486
9317;null;null;;False;18;1062.486
9321;null;null;;False;18;1062.486
9324;null;null;;False;18;1062.486
9328;null;null;;False;18;1062.486
9331;null;null;;False;18;1062.486
9335;null;null;;False;18;1062.486
9340;null;null;;False;18;1062.486
9344;null;null;;False;18;1062.486
9347;null;null;;False;18;1062.486
9352;null;null;;False;18;1062.486
9355;null;null;;False;18;1062.486
9359;null;null;;False;18;1062.486
9363;null;null;;False;18;1062.486
9366;null;null;;False;18;1062.486
9370;null;null;;False;18;1062.486
9374;null;null;;False;18;1062.486
9378;null;null;;False;18;1062.486
9382;null;null;;False;18;1062.486
9385;null;null;;False;18;1062.486
9390;null;null;;False;18;1062.486
9393;null;null;;False;18;1062.486
9397;null;null;;False;18;1062.486
9400;null;null;;False;18;1062.486
9404;null;null;;False;18;1062.486
9408;null;null;;False;18;1062.486
9412;null;null;;False;18;1062.486
9416;null;null;;False;18;1062.486
9420;null;null;;False;18;1062.486
9424;null;null;;False;18;1062.486
9428;null;null;;False;18;1062.486
9432;null;null;;False;18;1062.486
9435;null;null;;False;18;1062.486
9439;null;null;;False;18;1062.486
9443;null;null;;False;18;1062.486
9447;null;null;;False;18;1062.486
9450;null;null;;False;18;1062.486
9455;null;null;;False;18;1062.486
9459;null;null;;False;18;1062.486
9462;null;null;;False;18;1062.486
9466;null;null;;False;18;1062.486
9470;null;null;;False;18;1062.486
9474;null;null;;False;18;1062.486
9478;null;null;;False;18;1062.486
9481;null;null;;False;18;1062.486
9485;null;null;;False;18;1062.486
9489;null;null;;False;18;1062.486
9493;null;null;;False;18;1062.486
9497;null;null;;False;18;1062.486
9500;null;null;;False;18;1062.486
9505;null;null;;False;18;1062.486
9509;null;null;;False;18;1062.486
9512;null;null;;False;18;1062.486
9516;null;null;;False;18;1062.486
9521;null;null;;False;18;1062.486
9525;null;null;;False;18;1062.486
9529;null;null;;False;18;1062.486
9532;null;null;;False;18;1062.486
9536;null;null;;False;18;1062.486
9540;null;null;;False;18;1062.486
9544;null;null;;False;18;1062.486
9552;null;null;;False;18;1062.486
9555;null;null;;False;18;1062.486
9559;null;null;;False;18;1062.486
9562;null;null;;False;18;1062.486
9566;null;null;;False;18;1062.486
9570;null;null;;False;18;1062.486
9576;null;null;;False;18;1062.486
9579;null;null;;False;18;1062.486
9583;null;null;;False;18;1062.486
9588;null;null;;False;18;1062.486
9595;null;null;;False;18;1062.486
9601;null;null;;False;18;1062.486
9605;null;null;;False;18;1062.486
9615;null;null;;False;18;1062.486
9617;null;null;;False;18;1062.486
9621;null;null;;False;18;1062.486
9625;null;null;;False;18;1062.486
9630;null;null;;False;18;1062.486
9636;null;null;;False;18;1062.486
9641;null;null;;False;18;1062.486
9643;null;null;;False;18;1062.486
9647;null;null;;False;18;1062.486
9651;null;null;;False;18;1062.486
9656;null;null;;False;18;1062.486
9662;null;null;;False;18;1062.486
9665;null;null;;False;18;1062.486
9668;null;null;;False;18;1062.486
9673;null;null;;False;18;1062.486
9677;null;null;;False;18;1062.486
9681;null;null;;False;18;1062.486
9685;null;null;;False;18;1062.486
9689;null;null;;False;18;1062.486
9694;null;null;;False;18;1062.486
9698;null;null;;False;18;1062.486
9701;null;null;;False;18;1062.486
9706;null;null;;False;18;1062.486
9710;null;null;;False;18;1062.486
9714;null;null;;False;18;1062.486
9718;null;null;;False;18;1062.486
9722;null;null;;False;18;1062.486
9726;null;null;;False;18;1062.486
9729;null;null;;False;18;1062.486
9733;null;null;;False;18;1062.486
9737;null;null;;False;18;1062.486
9741;null;null;;False;18;1062.486
9745;null;null;;False;18;1062.486
9749;null;null;;False;18;1062.486
9753;null;null;;False;18;1062.486
9757;null;null;;False;18;1062.486
9761;null;null;;False;18;1062.486
9765;null;null;;False;18;1062.486
9769;null;null;;False;18;1062.486
9774;null;null;;False;18;1062.486
9778;null;null;;False;18;1062.486
9781;null;null;;False;18;1062.486
9785;null;null;;False;18;1062.486
9789;null;null;;False;18;1062.486
9793;null;null;;False;18;1062.486
9797;null;null;;False;18;1062.486
9801;null;null;;False;18;1062.486
9805;null;null;;False;18;1062.486
9809;null;null;;False;18;1062.486
9812;null;null;;False;18;1062.486
9816;null;null;;False;18;1062.486
9820;null;null;;False;18;1062.486
9825;null;null;;False;18;1062.486
9829;null;null;;False;18;1062.486
9833;null;null;;False;18;1062.486
9837;null;null;;False;18;1062.486
9841;null;null;;False;18;1062.486
9845;null;null;;False;18;1062.486
9849;null;null;;False;18;1062.486
9853;null;null;;False;18;1062.486
9858;null;null;;False;18;1062.486
9861;null;null;;False;18;1062.486
9865;null;null;;False;18;1062.486
9870;null;null;;False;18;1062.486
9873;null;null;;False;18;1062.486
9877;null;null;;False;18;1062.486
9881;null;null;;False;18;1062.486
9886;null;null;;False;18;1062.486
9890;null;null;;False;18;1062.486
9894;null;null;;False;18;1062.486
9898;null;null;;False;18;1062.486
9901;null;null;;False;18;1062.486
9905;null;null;;False;18;1062.486
9909;null;null;;False;18;1062.486
9912;null;null;;False;18;1062.486
9916;null;null;;False;18;1062.486
9920;null;null;;False;18;1062.486
9925;null;null;;False;18;1062.486
9929;null;null;;False;18;1062.486
9933;null;null;;False;18;1062.486
9937;null;null;;False;18;1062.486
9941;null;null;;False;18;1062.486
9945;null;null;;False;18;1062.486
9948;null;null;;False;18;1062.486
9952;null;null;;False;18;1062.486
9957;null;null;;False;18;1062.486
9961;null;null;;False;18;1062.486
9965;null;null;;False;18;1062.486
9969;null;null;;False;18;1062.486
9973;null;null;;False;18;1062.486
9977;null;null;;False;18;1062.486
9981;null;null;;False;18;1062.486
9984;null;null;;False;18;1062.486
9989;null;null;;False;18;1062.486
9993;null;null;;False;18;1062.486
9997;null;null;;False;18;1062.486
10001;null;null;;False;18;1062.486
10005;null;null;;False;18;1062.486
10009;null;null;;False;18;1062.486
10013;null;null;;False;18;1062.486
10017;null;null;;False;18;1062.486
10020;null;null;;False;18;1062.486
10025;null;null;;False;18;1062.486
10029;null;null;;False;18;1062.486
10033;null;null;;False;18;1062.486
10037;null;null;;False;18;1062.486
10042;null;null;;False;18;1062.486
10046;null;null;;False;18;1062.486
10050;null;null;;False;18;1062.486
10054;null;null;;False;18;1062.486
10058;null;null;;False;18;1062.486
10062;null;null;;False;18;1062.486
10066;null;null;;False;18;1062.486
10071;null;null;;False;18;1062.486
10075;null;null;;False;18;1062.486
10080;null;null;;False;18;1062.486
10084;null;null;;False;18;1062.486
10088;null;null;;False;18;1062.486
10093;null;null;;False;18;1062.486
10097;null;null;;False;18;1062.486
10101;null;null;;False;18;1062.486
10106;null;null;;False;18;1062.486
10110;null;null;;False;18;1062.486
10114;null;null;;False;18;1062.486
10118;null;null;;False;18;1062.486
10123;null;null;;False;18;1062.486
10127;null;null;;False;18;1062.486
10131;null;null;;False;18;1062.486
10134;null;null;;False;18;1062.486
10138;null;null;;False;18;1062.486
10142;null;null;;False;18;1062.486
10146;null;null;;False;18;1062.486
10150;null;null;;False;18;1062.486
10155;null;null;;False;18;1062.486
10159;null;null;;False;18;1062.486
10163;null;null;;False;18;1062.486
10166;null;null;;False;18;1062.486
10171;null;null;;False;18;1062.486
10174;null;null;;False;18;1062.486
10178;null;null;;False;18;1062.486
10182;null;null;;False;18;1062.486
10186;null;null;;False;18;1062.486
10190;null;null;;False;18;1062.486
10195;null;null;;False;18;1062.486
10199;null;null;;False;18;1062.486
10203;null;null;;False;18;1062.486
10207;null;null;;False;18;1062.486
10211;null;null;;False;18;1062.486
10215;null;null;;False;18;1062.486
10218;null;null;;False;18;1062.486
10223;null;null;;False;18;1062.486
10226;null;null;;False;18;1062.486
10230;null;null;;False;18;1062.486
10234;null;null;;False;18;1062.486
10239;null;null;;False;18;1062.486
10242;null;null;;False;18;1062.486
10247;null;null;;False;18;1062.486
10250;null;null;;False;18;1062.486
10254;null;null;;False;18;1062.486
10258;null;null;;False;18;1062.486
10262;null;null;;False;18;1062.486
10266;null;null;;False;18;1062.486
10270;null;null;;False;18;1062.486
10275;null;null;;False;18;1062.486
10279;null;null;;False;18;1062.486
10283;null;null;;False;18;1062.486
10287;null;null;;False;18;1062.486
10291;null;null;;False;18;1062.486
10295;null;null;;False;18;1062.486
10299;null;null;;False;18;1062.486
10303;null;null;;False;18;1062.486
10312;null;null;;False;18;1062.486
10322;null;null;;False;18;1062.486
10325;null;null;;False;18;1062.486
10328;null;null;;False;18;1062.486
10332;null;null;;False;18;1062.486
10336;null;null;;False;18;1062.486
10341;null;null;;False;18;1062.486
10344;null;null;;False;18;1062.486
10347;null;null;;False;18;1062.486
10351;null;null;;False;18;1062.486
10356;null;null;;False;18;1062.486
10360;null;null;;False;18;1062.486
10364;null;null;;False;18;1062.486
10368;null;null;;False;18;1062.486
10372;null;null;;False;18;1062.486
10376;null;null;;False;18;1062.486
10380;null;null;;False;18;1062.486
10383;null;null;;False;18;1062.486
10387;null;null;;False;18;1062.486
10392;null;null;;False;18;1062.486
10395;null;null;;False;18;1062.486
10401;null;null;;False;18;1062.486
10404;null;null;;False;18;1062.486
10408;null;null;;False;18;1062.486
10411;null;null;;False;18;1062.486
10415;null;null;;False;18;1062.486
10419;null;null;;False;18;1062.486
10424;null;null;;False;18;1062.486
10427;null;null;;False;18;1062.486
10431;null;null;;False;18;1062.486
10435;null;null;;False;18;1062.486
10439;null;null;;False;18;1062.486
10443;null;null;;False;18;1062.486
10447;null;null;;False;18;1062.486
10451;null;null;;False;18;1062.486
10456;null;null;;False;18;1062.486
10459;null;null;;False;18;1062.486
10464;null;null;;False;18;1062.486
10469;null;null;;False;18;1062.486
10472;null;null;;False;18;1062.486
10477;null;null;;False;18;1062.486
10481;null;null;;False;18;1062.486
10487;null;null;;False;18;1072.734
10491;null;null;;False;18;1072.734
10494;null;null;;False;18;1076.834
10499;null;null;;False;18;1076.834
10502;null;null;;False;18;1085.032
10509;null;null;;False;18;1085.032
10512;null;null;;False;18;1111.679
10518;null;null;;False;18;1111.679
10521;null;null;;False;18;1146.524
10528;null;null;;False;18;1171.12
10533;null;null;;False;18;1171.12
10535;null;null;;False;18;1175.22
10543;null;null;;False;18;1175.22
10546;null;null;;False;18;1175.22
10551;null;null;;False;18;1175.22
10556;null;null;;False;18;1175.22
10559;null;null;;False;18;1175.22
10563;null;null;;False;18;1175.22
10567;null;null;;False;18;1169.071
10573;null;null;;False;18;1169.071
10576;null;null;;False;18;1162.922
10581;null;null;;False;18;1162.922
10585;null;null;;False;18;1162.922
10591;null;null;;False;18;1160.872
10595;null;null;;False;18;1160.872
10598;null;null;;False;18;1160.872
10601;null;null;;False;18;1160.872
10606;null;null;;False;18;1160.872
10612;null;null;;False;18;1160.872
10615;null;null;;False;18;1160.872
10619;null;null;;False;18;1160.872
10624;null;null;;False;18;1160.872
10630;null;null;;False;18;1160.872
10633;null;null;;False;18;1160.872
10638;null;null;;False;18;1160.872
10644;null;null;;False;18;1160.872
10646;null;null;;False;18;1160.872
10652;null;null;;False;18;1160.872
10655;null;null;;False;18;1160.872
10659;null;null;;False;18;1160.872
10662;null;null;;False;18;1160.872
10669;null;null;;False;18;1160.872
10672;null;null;;False;18;1160.872
10677;null;null;;False;18;1160.872
10681;null;null;;False;18;1154.723
10686;null;null;;False;18;1140.375
10690;null;null;;False;18;1140.375
10694;null;null;;False;18;1134.226
10700;null;null;;False;18;1134.226
10703;null;null;;False;18;1130.126
10710;null;null;;False;18;1130.126
10712;null;null;;False;18;1126.027
10717;null;null;;False;18;1126.027
10720;null;null;;False;18;1117.828
10727;null;null;;False;18;1117.828
10732;null;null;;False;18;1117.828
10734;null;null;;False;18;1117.828
10739;null;null;;False;18;1117.828
10743;null;null;;False;18;1117.828
10748;null;null;;False;18;1117.828
10752;null;null;;False;18;1117.828
10758;null;null;;False;18;1117.828
10760;null;null;;False;18;1117.828
10767;null;null;;False;18;1117.828
10772;null;null;;False;18;1117.828
10774;null;null;;False;18;1117.828
10779;null;null;;False;18;1117.828
10782;null;null;;False;18;1117.828
10786;null;null;;False;18;1117.828
10790;null;null;;False;18;1117.828
10797;null;null;;False;18;1117.828
10799;null;null;;False;18;1117.828
10803;null;null;;False;18;1117.828
10807;null;null;;False;18;1117.828
10811;null;null;;False;18;1117.828
10815;null;null;;False;18;1117.828
10821;null;null;;False;18;1117.828
10826;null;null;;False;18;1117.828
10830;null;null;;False;18;1117.828
10836;null;null;;False;18;1117.828
10839;null;null;;False;18;1117.828
10845;null;null;;False;18;1117.828
10848;null;null;;False;18;1117.828
10854;null;null;;False;18;1117.828
10858;null;null;;False;18;1117.828
10863;null;null;;False;18;1117.828
10868;null;null;;False;18;1117.828
10870;null;null;;False;18;1117.828
10878;null;null;;False;18;1117.828
10879;null;null;;False;18;1117.828
10884;null;null;;False;18;1117.828
10889;null;null;;False;18;1117.828
10893;null;null;;False;18;1117.828
10898;null;null;;False;18;1117.828
10902;null;null;;False;18;1117.828
10907;null;null;;False;18;1117.828
10910;null;null;;False;18;1117.828
10915;null;null;;False;18;1117.828
10919;null;null;;False;18;1117.828
10925;null;null;;False;18;1117.828
10928;null;null;;False;18;1117.828
10933;null;null;;False;18;1117.828
10937;null;null;;False;18;1117.828
10942;null;null;;False;18;1117.828
10945;null;null;;False;18;1117.828
10949;null;null;;False;18;1117.828
10954;null;null;;False;18;1117.828
10958;null;null;;False;18;1117.828
10962;null;null;;False;18;1117.828
10966;null;null;;False;18;1117.828
10970;null;null;;False;18;1117.828
10974;null;null;;False;18;1117.828
10977;null;null;;False;18;1117.828
10981;null;null;;False;18;1117.828
10985;null;null;;False;18;1117.828
10990;null;null;;False;18;1117.828
10993;null;null;;False;18;1117.828
10997;null;null;;False;18;1117.828
11001;null;null;;False;18;1117.828
11005;null;null;;False;18;1117.828
11009;null;null;;False;18;1117.828
11013;null;null;;False;18;1117.828
11017;null;null;;False;18;1117.828
11020;null;null;;False;18;1117.828
11025;null;null;;False;18;1117.828
11029;null;null;;False;18;1117.828
11032;null;null;;False;18;1117.828
11037;null;null;;False;18;1117.828
11042;null;null;;False;18;1117.828
11048;null;null;;False;18;1117.828
11050;null;null;;False;18;1117.828
11055;null;null;;False;18;1117.828
11059;null;null;;False;18;1117.828
11063;null;null;;False;18;1117.828
11067;null;null;;False;18;1117.828
11071;null;null;;False;18;1117.828
11076;null;null;;False;18;1117.828
11079;null;null;;False;18;1117.828
11083;null;null;;False;18;1117.828
11087;null;null;;False;18;1117.828
11092;null;null;;False;18;1117.828
11095;null;null;;False;18;1117.828
11098;null;null;;False;18;1117.828
11102;null;null;;False;18;1117.828
11107;null;null;;False;18;1117.828
11111;null;null;;False;18;1117.828
11115;null;null;;False;18;1117.828
11119;null;null;;False;18;1117.828
11124;null;null;;False;18;1117.828
